/* Auto-generated from aros-bluzing btscan-banner.png (bluzing mascot). */
#include <exec/types.h>
#include "bluzinglogo.h"

const ULONG bluzing_colors[96] = {
    0xffffffff,0x00000000,0xffffffff,
    0x09090909,0x16161616,0x2a2a2a2a,
    0x13131313,0x2c2c2c2c,0x57575757,
    0x03030303,0x35353535,0x97979797,
    0x04040404,0x49494949,0xd3d3d3d3,
    0x0c0c0c0c,0x6a6a6a6a,0xf3f3f3f3,
    0x11111111,0x6b6b6b6b,0xf6f6f6f6,
    0x04040404,0x09090909,0x0f0f0f0f,
    0x06060606,0x56565656,0xe9e9e9e9,
    0x18181818,0x9c9c9c9c,0xf8f8f8f8,
    0x4f4f4f4f,0xacacacac,0xfbfbfbfb,
    0x12121212,0x53535353,0xa4a4a4a4,
    0x69696969,0xc7c7c7c7,0xfbfbfbfb,
    0xf2f2f2f2,0xf4f4f4f4,0xf1f1f1f1,
    0xcccccccc,0xeaeaeaea,0xfcfcfcfc,
    0x61616161,0xafafafaf,0xf2f2f2f2,
    0x03030303,0x3f3f3f3f,0xc5c5c5c5,
    0xa8a8a8a8,0xd9d9d9d9,0xfafafafa,
    0x1b1b1b1b,0x70707070,0xd9d9d9d9,
    0x93939393,0xd2d2d2d2,0xfafafafa,
    0xb5b5b5b5,0xe1e1e1e1,0xfbfbfbfb,
    0x8c8c8c8c,0xb0b0b0b0,0xdededede,
    0x58585858,0x6b6b6b6b,0x8b8b8b8b,
    0x51515151,0x5a5a5a5a,0x6b6b6b6b,
    0x2f2f2f2f,0x4a4a4a4a,0x62626262,
    0x96969696,0x9c9c9c9c,0xa8a8a8a8,
    0x20202020,0x28282828,0x33333333,
    0x60606060,0x8f8f8f8f,0xafafafaf,
    0x48484848,0x44444444,0x2c2c2c2c,
    0xafafafaf,0xb6b6b6b6,0xd7d7d7d7,
    0x99999999,0x7f7f7f7f,0x41414141,
    0xd5d5d5d5,0xd9d9d9d9,0xdddddddd,
};

const UBYTE bluzing_body[27360] = {
    0x00,0x00,0x00,0x00,0x00,0x00,0x00,0x00,0x00,0x00,0x00,0x00,0x00,0x00,0x00,0x00,
    0x00,0x00,0x00,0x00,0x00,0x00,0x00,0x00,0x00,0x00,0x00,0x00,0x00,0x00,0x00,0x00,
    0x00,0x00,0x00,0x00,0x00,0x00,0x00,0x00,0x00,0x00,0x00,0x00,0x00,0x00,0x00,0x00,
    0x00,0x00,0x00,0x00,0x00,0x00,0x00,0x00,0x00,0x00,0x00,0x00,0x00,0x00,0x00,0x00,
    0x00,0x00,0x00,0x00,0x00,0x00,0x00,0x00,0x00,0x00,0x00,0x00,0x00,0x00,0x00,0x00,
    0x00,0x00,0x00,0x00,0x00,0x00,0x00,0x00,0x00,0x00,0x00,0x00,0x00,0x00,0x00,0x00,
    0x00,0x00,0x00,0x00,0x00,0x00,0x00,0x00,0x00,0x00,0x00,0x00,0x00,0x00,0x00,0x00,
    0x00,0x00,0x00,0x00,0x00,0x00,0x00,0x00,0x00,0x00,0x00,0x00,0x00,0x00,0x00,0x00,
    0x00,0x00,0x00,0x00,0x00,0x00,0x00,0x00,0x00,0x00,0x00,0x00,0x00,0x00,0x00,0x00,
    0x00,0x00,0x00,0x00,0x00,0x00,0x00,0x00,0x00,0x00,0x00,0x00,0x00,0x00,0x00,0x00,
    0x00,0x00,0x00,0x00,0x00,0x00,0x00,0x00,0x00,0x00,0x00,0x00,0x00,0x00,0x00,0x00,
    0x00,0x00,0x00,0x00,0x00,0x00,0x00,0x00,0x00,0x00,0x00,0x00,0x00,0x00,0x00,0x00,
    0x00,0x00,0x00,0x00,0x00,0x00,0x00,0x00,0x00,0x00,0x00,0x00,0x00,0x00,0x00,0x00,
    0x00,0x00,0x00,0x00,0x00,0x00,0x00,0x00,0x00,0x00,0x00,0x00,0x00,0x00,0x00,0x00,
    0x00,0x00,0x00,0x00,0x00,0x00,0x00,0x00,0x00,0x00,0x00,0x00,0x00,0x00,0x00,0x00,
    0x00,0x00,0x00,0x00,0x00,0x00,0x00,0x00,0x00,0x00,0x00,0x00,0x00,0x00,0x00,0x00,
    0x00,0x00,0x00,0x00,0x00,0x00,0x00,0x00,0x00,0x00,0x00,0x00,0x00,0x00,0x00,0x00,
    0x00,0x00,0x00,0x00,0x00,0x00,0x00,0x00,0x00,0x00,0x00,0x00,0x00,0x00,0x00,0x00,
    0x00,0x00,0x00,0x00,0x00,0x00,0x00,0x00,0x00,0x00,0x00,0x00,0x00,0x00,0x00,0x00,
    0x00,0x00,0x00,0x00,0x00,0x00,0x00,0x00,0x00,0x00,0x00,0x00,0x00,0x00,0x00,0x00,
    0x00,0x00,0x00,0x00,0x00,0x00,0x00,0x00,0x00,0x00,0x00,0x00,0x00,0x00,0x00,0x00,
    0x00,0x00,0x00,0x00,0x00,0x00,0x00,0x00,0x00,0x00,0x00,0x00,0x00,0x00,0x00,0x00,
    0x00,0x00,0x00,0x00,0x00,0x00,0x00,0x00,0x00,0x00,0x00,0x00,0x00,0x00,0x00,0x00,
    0x00,0x00,0x00,0x00,0x00,0x00,0x00,0x00,0x00,0x00,0x00,0x00,0x00,0x00,0x00,0x00,
    0x00,0x00,0x00,0x00,0x00,0x00,0x00,0x00,0x00,0x00,0x00,0x00,0x00,0x00,0x00,0x00,
    0x00,0x00,0x00,0x00,0x00,0x00,0x00,0x00,0x00,0x00,0x00,0x00,0x00,0x00,0x00,0x00,
    0x00,0x00,0x00,0x00,0x00,0x00,0x00,0x00,0x00,0x00,0x00,0x00,0x00,0x00,0x00,0x00,
    0x00,0x00,0x00,0x00,0x00,0x00,0x00,0x00,0x00,0x00,0x00,0x00,0x00,0x00,0x00,0x00,
    0x00,0x00,0x00,0x00,0x00,0x00,0x00,0x00,0x00,0x00,0x00,0x00,0x00,0x00,0x00,0x00,
    0x00,0x00,0x00,0x00,0x00,0x00,0x00,0x00,0x00,0x00,0x00,0x00,0x00,0x00,0x00,0x00,
    0x00,0x00,0x00,0x00,0x00,0x00,0x00,0x00,0x00,0x00,0x00,0x00,0x00,0x00,0x00,0x00,
    0x00,0x00,0x00,0x00,0x00,0x00,0x00,0x00,0x00,0x00,0x00,0x00,0x00,0x00,0x00,0x00,
    0x00,0x00,0x00,0x00,0x00,0x00,0x00,0x00,0x00,0x00,0x00,0x00,0x00,0x00,0x00,0x00,
    0x00,0x00,0x00,0x00,0x00,0x00,0x00,0x00,0x00,0x00,0x00,0x00,0x00,0x00,0x00,0x00,
    0x00,0x00,0x00,0x00,0x00,0x00,0x00,0x00,0x00,0x00,0x00,0x00,0x00,0x00,0x00,0x00,
    0x00,0x00,0x00,0x00,0x00,0x00,0x00,0x00,0x00,0x00,0x00,0x00,0x00,0x00,0x00,0x00,
    0x00,0x00,0x00,0x00,0x00,0x00,0x00,0x00,0x00,0x00,0x00,0x00,0x00,0x00,0x00,0x00,
    0x00,0x00,0x00,0x00,0x00,0x00,0x00,0x00,0x00,0x00,0x00,0x00,0x00,0x00,0x00,0x00,
    0x00,0x00,0x00,0x00,0x00,0x00,0x00,0x00,0x00,0x00,0x00,0x00,0x00,0x00,0x00,0x00,
    0x00,0x00,0x00,0x00,0x00,0x00,0x00,0x00,0x00,0x00,0x00,0x00,0x00,0x00,0x00,0x00,
    0x00,0x00,0x00,0x00,0x00,0x00,0x00,0x00,0x00,0x00,0x00,0x00,0x00,0x00,0x00,0x00,
    0x00,0x00,0x00,0x00,0x00,0x00,0x00,0x00,0x00,0x00,0x00,0x00,0x00,0x00,0x00,0x00,
    0x00,0x00,0x00,0x00,0x00,0x00,0x00,0x00,0x00,0x00,0x00,0x00,0x00,0x00,0x00,0x00,
    0x00,0x00,0x00,0x00,0x00,0x00,0x00,0x00,0x00,0x00,0x00,0x00,0x00,0x00,0x00,0x00,
    0x00,0x00,0x00,0x00,0x00,0x00,0x00,0x00,0x00,0x00,0x00,0x00,0x00,0x00,0x00,0x00,
    0x00,0x00,0x00,0x00,0x00,0x00,0x00,0x00,0x00,0x00,0x00,0x00,0x00,0x00,0x00,0x00,
    0x00,0x00,0x00,0x00,0x00,0x00,0x00,0x00,0x00,0x00,0x00,0x00,0x00,0x00,0x00,0x00,
    0x00,0x00,0x00,0x00,0x00,0x00,0x00,0x00,0x00,0x00,0x00,0x00,0x00,0x00,0x00,0x00,
    0x00,0x00,0x00,0x00,0x00,0x00,0x00,0x00,0x00,0x00,0x00,0x00,0x00,0x00,0x00,0x00,
    0x00,0x00,0x00,0x00,0x00,0x00,0x00,0x00,0x00,0x00,0x00,0x00,0x00,0x00,0x00,0x00,
    0x00,0x00,0x00,0x00,0x00,0x00,0x00,0x00,0x00,0x00,0x00,0x00,0x00,0x00,0x04,0x10,
    0x00,0x00,0x00,0x00,0x00,0x00,0x00,0x00,0x00,0x00,0x00,0x00,0x00,0x00,0x00,0x00,
    0x00,0x00,0x00,0x00,0x00,0x00,0x00,0x00,0x00,0x00,0x00,0x00,0x00,0x00,0x03,0xe0,
    0x00,0x00,0x00,0x00,0x00,0x00,0x00,0x00,0x00,0x00,0x00,0x00,0x00,0x00,0x00,0x00,
    0x00,0x00,0x00,0x00,0x00,0x00,0x00,0x00,0x00,0x00,0x00,0x00,0x00,0x00,0x00,0x00,
    0x00,0x00,0x00,0x00,0x00,0x00,0x00,0x00,0x00,0x00,0x00,0x00,0x00,0x00,0x00,0x00,
    0x00,0x00,0x00,0x00,0x00,0x00,0x00,0x00,0x00,0x00,0x00,0x00,0x00,0x00,0x00,0x00,
    0x00,0x00,0x00,0x00,0x00,0x00,0x00,0x00,0x00,0x00,0x00,0x00,0x00,0x00,0x00,0x00,
    0x00,0x00,0x00,0x00,0x00,0x00,0x00,0x00,0x00,0x00,0x00,0x00,0x00,0x00,0x00,0x00,
    0x00,0x00,0x00,0x00,0x00,0x00,0x00,0x00,0x00,0x00,0x00,0x00,0x00,0x00,0x00,0x00,
    0x00,0x00,0x00,0x00,0x00,0x00,0x00,0x00,0x00,0x00,0x00,0x00,0x00,0x00,0x35,0x04,
    0x00,0x00,0x00,0x00,0x00,0x00,0x00,0x00,0x00,0x00,0x00,0x00,0x00,0x00,0x00,0x00,
    0x00,0x00,0x00,0x00,0x00,0x00,0x00,0x00,0x00,0x00,0x00,0x00,0x00,0x00,0x0c,0xec,
    0x00,0x00,0x00,0x00,0x00,0x00,0x00,0x00,0x00,0x00,0x00,0x00,0x00,0x00,0x00,0x00,
    0x00,0x00,0x00,0x00,0x00,0x00,0x00,0x00,0x00,0x00,0x00,0x00,0x00,0x00,0x03,0xf4,
    0x00,0x00,0x00,0x00,0x00,0x00,0x00,0x00,0x00,0x00,0x00,0x00,0x00,0x00,0x00,0x00,
    0x00,0x00,0x00,0x00,0x00,0x00,0x00,0x00,0x00,0x00,0x00,0x00,0x00,0x00,0x00,0x00,
    0x00,0x00,0x00,0x00,0x00,0x00,0x00,0x00,0x00,0x00,0x00,0x00,0x00,0x00,0x00,0x00,
    0x00,0x00,0x00,0x00,0x00,0x00,0x00,0x00,0x00,0x00,0x00,0x00,0x00,0x00,0x00,0x00,
    0x00,0x00,0x00,0x00,0x00,0x00,0x00,0x00,0x00,0x00,0x00,0x00,0x00,0x00,0x00,0x00,
    0x00,0x00,0x00,0x00,0x00,0x00,0x00,0x00,0x00,0x00,0x00,0x00,0x00,0x01,0x72,0x6e,
    0x00,0x00,0x00,0x00,0x00,0x00,0x00,0x00,0x00,0x00,0x00,0x00,0x00,0x00,0x00,0x00,
    0x00,0x00,0x00,0x00,0x00,0x00,0x00,0x00,0x00,0x00,0x00,0x00,0x00,0x01,0xf1,0x96,
    0x00,0x00,0x00,0x00,0x00,0x00,0x00,0x00,0x00,0x00,0x00,0x00,0x00,0x00,0x00,0x00,
    0x00,0x00,0x00,0x00,0x00,0x00,0x00,0x00,0x00,0x00,0x00,0x00,0x00,0x01,0x0b,0x82,
    0x00,0x00,0x00,0x00,0x00,0x00,0x00,0x00,0x00,0x00,0x00,0x00,0x00,0x00,0x00,0x00,
    0x00,0x00,0x00,0x00,0x00,0x00,0x00,0x00,0x00,0x00,0x00,0x00,0x00,0x00,0x04,0x78,
    0x00,0x00,0x00,0x00,0x00,0x00,0x00,0x00,0x00,0x00,0x00,0x00,0x00,0x00,0x00,0x00,
    0x00,0x00,0x00,0x00,0x00,0x00,0x00,0x00,0x00,0x00,0x00,0x00,0x00,0x00,0x00,0x00,
    0x00,0x00,0x00,0x00,0x00,0x00,0x00,0x00,0x00,0x00,0x00,0x00,0x00,0x00,0x00,0x00,
    0x00,0x00,0x00,0x00,0x00,0x00,0x00,0x00,0x00,0x00,0x00,0x00,0x00,0x05,0x84,0xd4,
    0x00,0x00,0x00,0x00,0x00,0x00,0x00,0x00,0x00,0x00,0x00,0x00,0x00,0x00,0x00,0x00,
    0x00,0x00,0x00,0x00,0x00,0x00,0x00,0x00,0x00,0x00,0x00,0x00,0x00,0x03,0x03,0x0e,
    0x00,0x00,0x00,0x00,0x00,0x00,0x00,0x00,0x00,0x00,0x00,0x00,0x00,0x00,0x00,0x00,
    0x00,0x00,0x00,0x00,0x00,0x00,0x00,0x00,0x00,0x00,0x00,0x00,0x00,0x00,0xbf,0x3c,
    0x00,0x00,0x00,0x00,0x00,0x00,0x00,0x00,0x00,0x00,0x00,0x00,0x00,0x00,0x00,0x00,
    0x00,0x00,0x00,0x00,0x00,0x00,0x00,0x00,0x00,0x00,0x00,0x00,0x00,0x01,0x40,0xfc,
    0x00,0x00,0x00,0x00,0x00,0x00,0x00,0x00,0x00,0x00,0x00,0x00,0x00,0x00,0x00,0x00,
    0x00,0x00,0x00,0x00,0x00,0x00,0x00,0x00,0x00,0x00,0x00,0x00,0x00,0x00,0x00,0x00,
    0x00,0x00,0x00,0x00,0x00,0x00,0x00,0x00,0x00,0x00,0x00,0x00,0x00,0x00,0x00,0x00,
    0x00,0x00,0x00,0x00,0x00,0x00,0x00,0x00,0x00,0x00,0x00,0x00,0x00,0x17,0x05,0xf9,
    0x00,0x00,0x00,0x00,0x00,0x00,0x00,0x00,0x00,0x00,0x01,0x80,0x00,0x00,0x00,0x00,
    0x00,0x00,0x00,0x00,0x00,0x00,0x00,0x00,0x00,0x00,0x00,0x00,0x00,0x1c,0x02,0x06,
    0x00,0x00,0x00,0x00,0x00,0x00,0x00,0x00,0x00,0x00,0x01,0x80,0x00,0x00,0x00,0x00,
    0x00,0x00,0x00,0x00,0x00,0x00,0x00,0x00,0x00,0x00,0x00,0x00,0x00,0x13,0x16,0x1c,
    0x00,0x00,0x00,0x00,0x00,0x00,0x00,0x00,0x00,0x00,0x02,0x60,0x00,0x00,0x00,0x00,
    0x00,0x00,0x00,0x00,0x00,0x00,0x00,0x00,0x00,0x00,0x00,0x00,0x00,0x04,0x89,0xdc,
    0x00,0x00,0x00,0x00,0x00,0x00,0x00,0x00,0x00,0x00,0x02,0x60,0x00,0x00,0x00,0x00,
    0x00,0x00,0x00,0x00,0x00,0x00,0x00,0x00,0x00,0x00,0x00,0x00,0x00,0x00,0x60,0x22,
    0x00,0x00,0x00,0x00,0x00,0x00,0x00,0x00,0x00,0x00,0x01,0x80,0x00,0x00,0x00,0x00,
    0x00,0x00,0x00,0x00,0x00,0x00,0x00,0x00,0x00,0x00,0x00,0x00,0x00,0x34,0x49,0xda,
    0x00,0x00,0x00,0x00,0x00,0x00,0x00,0x00,0x00,0x00,0x18,0x08,0x00,0x00,0x00,0x00,
    0x00,0x00,0x00,0x00,0x00,0x00,0x00,0x00,0x00,0x00,0x00,0x00,0x00,0x10,0x46,0x01,
    0x00,0x00,0x00,0x00,0x00,0x00,0x00,0x00,0x00,0x00,0x13,0xe8,0x00,0x00,0x00,0x00,
    0x00,0x00,0x00,0x00,0x00,0x00,0x00,0x00,0x00,0x00,0x00,0x00,0x00,0x05,0xbe,0x3c,
    0x00,0x00,0x00,0x00,0x00,0x00,0x00,0x00,0x00,0x00,0x27,0xf0,0x00,0x00,0x00,0x00,
    0x00,0x00,0x00,0x00,0x00,0x00,0x00,0x00,0x00,0x00,0x00,0x00,0x00,0x0a,0x01,0xfa,
    0x00,0x00,0x00,0x00,0x00,0x00,0x00,0x00,0x00,0x00,0x23,0xe0,0x00,0x00,0x00,0x00,
    0x00,0x00,0x00,0x00,0x00,0x00,0x00,0x00,0x00,0x00,0x00,0x00,0x00,0x00,0x00,0x04,
    0x00,0x00,0x00,0x00,0x00,0x00,0x00,0x00,0x00,0x00,0x1c,0x18,0x00,0x00,0x00,0x00,
    0x00,0x00,0x00,0x00,0x00,0x00,0x00,0x00,0x00,0x00,0x00,0x00,0x00,0x10,0x89,0xeb,
    0x00,0x00,0x00,0x00,0x00,0x00,0x00,0x00,0x00,0x00,0x40,0x02,0x00,0x00,0x00,0x00,
    0x00,0x00,0x00,0x00,0x00,0x00,0x00,0x00,0x00,0x00,0x00,0x00,0x00,0x40,0xc6,0x0d,
    0x00,0x00,0x00,0x00,0x00,0x00,0x00,0x00,0x00,0x00,0x3f,0xfa,0x00,0x00,0x00,0x00,
    0x00,0x00,0x00,0x00,0x00,0x00,0x00,0x00,0x00,0x00,0x00,0x00,0x00,0x37,0x3e,0x10,
    0x00,0x00,0x00,0x00,0x00,0x00,0x00,0x00,0x00,0x00,0xbf,0xfc,0x00,0x00,0x00,0x00,
    0x00,0x00,0x00,0x00,0x00,0x00,0x00,0x00,0x00,0x00,0x00,0x00,0x00,0x08,0x01,0xf6,
    0x00,0x00,0x00,0x00,0x00,0x00,0x00,0x00,0x00,0x00,0xbf,0xf8,0x00,0x00,0x00,0x00,
    0x00,0x00,0x00,0x00,0x00,0x00,0x00,0x00,0x00,0x00,0x00,0x00,0x00,0x00,0x00,0x08,
    0x00,0x00,0x00,0x00,0x00,0x00,0x00,0x00,0x00,0x00,0x40,0x06,0x00,0x00,0x00,0x00,
    0x00,0x00,0x00,0x00,0x00,0x00,0x00,0x00,0x00,0x00,0x00,0x00,0x01,0x00,0x09,0xff,
    0x00,0x00,0x00,0x00,0x00,0x00,0x00,0x00,0x00,0x01,0x07,0xc1,0x00,0x00,0x00,0x00,
    0x00,0x00,0x00,0x00,0x00,0x00,0x00,0x00,0x00,0x00,0x00,0x00,0x01,0x80,0xc6,0x01,
    0x00,0x00,0x00,0x00,0x00,0x00,0x00,0x00,0x00,0x01,0x40,0x06,0x00,0x00,0x00,0x00,
    0x00,0x00,0x00,0x00,0x00,0x00,0x00,0x00,0x00,0x00,0x00,0x00,0x01,0x18,0x3e,0x00,
    0x00,0x00,0x00,0x00,0x00,0x00,0x00,0x00,0x00,0x00,0xfb,0xbe,0x00,0x00,0x00,0x00,
    0x00,0x00,0x00,0x00,0x00,0x00,0x00,0x00,0x00,0x00,0x00,0x00,0x00,0x60,0x01,0xfe,
    0x00,0x00,0x00,0x00,0x00,0x00,0x00,0x00,0x00,0x00,0x40,0x06,0x00,0x00,0x00,0x00,
    0x00,0x00,0x00,0x00,0x00,0x00,0x00,0x00,0x00,0x00,0x00,0x00,0x00,0x07,0x00,0x00,
    0x00,0x00,0x00,0x00,0x00,0x00,0x00,0x00,0x00,0x01,0xbf,0xf9,0x00,0x00,0x00,0x00,
    0x00,0x00,0x00,0x00,0x00,0x00,0x00,0x00,0x00,0x00,0x00,0x00,0x03,0x0b,0x84,0xfc,
    0x00,0x00,0x00,0x00,0x00,0x00,0x00,0x00,0x00,0x02,0x37,0xd0,0x80,0x00,0x00,0x00,
    0x00,0x00,0x00,0x00,0x00,0x00,0x00,0x00,0x00,0x00,0x00,0x00,0x03,0x0c,0xc3,0x03,
    0x00,0x00,0x00,0x00,0x00,0x00,0x00,0x00,0x00,0x01,0x8f,0xe3,0x00,0x00,0x00,0x00,
    0x00,0x00,0x00,0x00,0x00,0x00,0x00,0x00,0x00,0x00,0x00,0x00,0x02,0x30,0xa7,0x02,
    0x00,0x00,0x00,0x00,0x00,0x00,0x00,0x00,0x00,0x01,0xdf,0xff,0x00,0x00,0x00,0x00,
    0x00,0x00,0x00,0x00,0x00,0x00,0x00,0x00,0x00,0x00,0x00,0x00,0x00,0xc0,0x08,0xfc,
    0x00,0x00,0x00,0x00,0x00,0x00,0x00,0x00,0x00,0x01,0x80,0x03,0x00,0x00,0x00,0x00,
    0x00,0x00,0x00,0x00,0x00,0x00,0x00,0x00,0x00,0x00,0x00,0x00,0x00,0x00,0x10,0x00,
    0x00,0x00,0x00,0x00,0x00,0x00,0x00,0x00,0x00,0x02,0x7f,0xfc,0x80,0x00,0x00,0x00,
    0x00,0x00,0x00,0x00,0x00,0x00,0x00,0x00,0x00,0x00,0x00,0x00,0x06,0x28,0x44,0x79,
    0x00,0x00,0x00,0x00,0x00,0x00,0x00,0x00,0x00,0x00,0xdc,0x78,0x40,0x00,0x00,0x00,
    0x00,0x00,0x00,0x00,0x00,0x00,0x00,0x00,0x00,0x00,0x00,0x00,0x06,0x30,0x03,0x86,
    0x00,0x00,0x00,0x00,0x00,0x00,0x00,0x00,0x00,0x02,0x7c,0x70,0x80,0x00,0x00,0x00,
    0x00,0x00,0x00,0x00,0x00,0x00,0x00,0x00,0x00,0x00,0x00,0x00,0x04,0xc0,0x2f,0x84,
    0x00,0x00,0x00,0x00,0x00,0x00,0x00,0x00,0x00,0x0f,0x3c,0x77,0x80,0x00,0x00,0x00,
    0x00,0x00,0x00,0x00,0x00,0x00,0x00,0x00,0x00,0x00,0x00,0x00,0x01,0x00,0x00,0x78,
    0x00,0x00,0x00,0x00,0x00,0x00,0x00,0x00,0x00,0x0a,0x03,0x88,0x80,0x00,0x00,0x00,
    0x00,0x00,0x00,0x00,0x00,0x00,0x00,0x00,0x00,0x00,0x00,0x00,0x00,0x00,0x10,0x02,
    0x00,0x00,0x00,0x00,0x00,0x00,0x00,0x00,0x00,0x05,0xff,0xff,0x40,0x00,0x00,0x00,
    0x00,0x00,0x00,0x00,0x00,0x00,0x00,0x00,0x00,0x00,0x00,0x00,0x0c,0x20,0x63,0x83,
    0x00,0x00,0x00,0x00,0x00,0x00,0x00,0x00,0x00,0x09,0xe4,0x96,0x20,0x00,0x00,0x00,
    0x00,0x00,0x00,0x00,0x00,0x00,0x00,0x00,0x00,0x00,0x00,0x00,0x0c,0x40,0x60,0x7f,
    0x00,0x00,0x00,0x00,0x00,0x00,0x00,0x00,0x00,0x04,0xeb,0x54,0xe0,0x00,0x00,0x00,
    0x00,0x00,0x00,0x00,0x00,0x00,0x00,0x00,0x00,0x00,0x00,0x00,0x09,0x80,0x5b,0xfd,
    0x00,0x00,0x00,0x00,0x00,0x00,0x00,0x00,0x00,0x06,0x60,0x11,0xc0,0x00,0x00,0x00,
    0x00,0x00,0x00,0x00,0x00,0x00,0x00,0x00,0x00,0x00,0x00,0x00,0x02,0x00,0x04,0x00,
    0x00,0x00,0x00,0x00,0x00,0x00,0x00,0x00,0x00,0x04,0x1b,0x6c,0xc0,0x00,0x00,0x00,
    0x00,0x00,0x00,0x00,0x00,0x00,0x00,0x00,0x00,0x00,0x00,0x00,0x00,0x00,0x00,0x00,
    0x00,0x00,0x00,0x00,0x00,0x00,0x00,0x00,0x00,0x0b,0xfb,0x7f,0x20,0x00,0x00,0x00,
    0x00,0x00,0x00,0x00,0x00,0x00,0x00,0x00,0x00,0x00,0x00,0x00,0x01,0x80,0x30,0xde,
    0x00,0x00,0x00,0x00,0x00,0x00,0x00,0x00,0x00,0x13,0xc7,0xcb,0x00,0x00,0x00,0x00,
    0x00,0x00,0x00,0x00,0x00,0x00,0x00,0x00,0x00,0x00,0x00,0x00,0x09,0x00,0x10,0x24,
    0x00,0x00,0x00,0x00,0x00,0x00,0x00,0x00,0x00,0x09,0xf4,0xf8,0x41,0x80,0x00,0x00,
    0x00,0x00,0x00,0x00,0x00,0x00,0x00,0x00,0x00,0x00,0x00,0x00,0x02,0x00,0x0e,0xf8,
    0x00,0x00,0x00,0x00,0x00,0x00,0x00,0x00,0x00,0x0c,0xc3,0x4a,0xe0,0x00,0x00,0x00,
    0x00,0x00,0x00,0x00,0x00,0x00,0x00,0x00,0x00,0x00,0x00,0x00,0x04,0x00,0x01,0x00,
    0x00,0x00,0x00,0x00,0x00,0x00,0x00,0x00,0x00,0x08,0x3c,0xb4,0x41,0x80,0x00,0x00,
    0x00,0x00,0x00,0x00,0x00,0x00,0x00,0x00,0x00,0x00,0x00,0x00,0x00,0x00,0x00,0x00,
    0x00,0x00,0x00,0x00,0x00,0x00,0x00,0x00,0x00,0x17,0xff,0xff,0xa0,0x00,0x00,0x00,
    0x00,0x00,0x00,0x00,0x00,0x00,0x00,0x00,0x00,0x00,0x00,0x00,0x03,0x00,0x18,0x0c,
    0x00,0x00,0x00,0x00,0x00,0x00,0x00,0x00,0x00,0x27,0x9f,0xe1,0x90,0x00,0x00,0x00,
    0x00,0x00,0x00,0x00,0x00,0x00,0x00,0x00,0x00,0x00,0x00,0x00,0x12,0x00,0x08,0x08,
    0x00,0x00,0x00,0x00,0x00,0x00,0x00,0x00,0x00,0x39,0xf8,0x12,0x30,0x60,0x00,0x00,
    0x00,0x00,0x00,0x00,0x00,0x00,0x00,0x00,0x00,0x00,0x00,0x00,0x0c,0x00,0x07,0xf0,
    0x00,0x00,0x00,0x00,0x00,0x00,0x00,0x00,0x00,0x18,0x80,0x22,0x60,0x00,0x00,0x00,
    0x00,0x00,0x00,0x00,0x00,0x00,0x00,0x00,0x00,0x00,0x00,0x00,0x00,0x00,0x00,0x00,
    0x00,0x00,0x00,0x00,0x00,0x00,0x00,0x00,0x00,0x19,0x70,0x1c,0x20,0x60,0x00,0x00,
    0x00,0x00,0x00,0x00,0x00,0x00,0x00,0x00,0x00,0x00,0x00,0x00,0x00,0x00,0x00,0x00,
    0x00,0x00,0x00,0x00,0x00,0x00,0x00,0x00,0x00,0x27,0xff,0xff,0xd0,0x00,0x00,0x00,
    0x00,0x00,0x00,0x00,0x00,0x00,0x00,0x00,0x00,0x00,0x00,0x00,0x26,0x00,0x0d,0xd8,
    0x00,0x00,0x00,0x00,0x00,0x00,0x00,0x00,0x00,0x07,0x3f,0xf5,0x90,0x00,0x00,0x00,
    0x00,0x00,0x00,0x00,0x00,0x00,0x00,0x00,0x00,0x00,0x00,0x00,0x04,0x00,0x0b,0xe8,
    0x00,0x00,0x00,0x00,0x00,0x00,0x00,0x00,0x00,0x11,0x47,0xfd,0x20,0x30,0x00,0x00,
    0x00,0x00,0x00,0x00,0x00,0x00,0x00,0x00,0x00,0x00,0x00,0x00,0x18,0x00,0x08,0x08,
    0x00,0x00,0x00,0x00,0x00,0x00,0x00,0x00,0x00,0x3b,0x20,0x04,0x60,0x00,0x00,0x00,
    0x00,0x00,0x00,0x00,0x00,0x00,0x00,0x00,0x00,0x00,0x00,0x00,0x00,0x00,0x00,0x00,
    0x00,0x00,0x00,0x00,0x00,0x00,0x00,0x00,0x00,0x10,0xc0,0x1a,0x20,0x30,0x00,0x00,
    0x00,0x00,0x00,0x00,0x00,0x00,0x00,0x00,0x00,0x00,0x00,0x00,0x00,0x00,0x00,0x00,
    0x00,0x00,0x00,0x00,0x00,0x00,0x00,0x00,0x00,0x2f,0xff,0xff,0xd0,0x00,0x00,0x00,
    0x00,0x00,0x00,0x00,0x00,0x00,0x00,0x00,0x00,0x00,0x00,0x00,0x64,0x00,0x01,0xc0,
    0x00,0x00,0x00,0x00,0x00,0x00,0x00,0x00,0x00,0x46,0x7f,0xfd,0xc0,0x00,0x00,0x00,
    0x00,0x00,0x00,0x00,0x00,0x00,0x00,0x00,0x00,0x00,0x00,0x00,0x60,0x00,0x01,0xc0,
    0x00,0x00,0x00,0x00,0x00,0x00,0x00,0x00,0x00,0x72,0xdf,0xfc,0x21,0x90,0x00,0x00,
    0x00,0x00,0x00,0x00,0x00,0x00,0x00,0x00,0x00,0x00,0x00,0x00,0x50,0x00,0x01,0xc0,
    0x00,0x00,0x00,0x00,0x00,0x00,0x00,0x00,0x00,0x38,0x00,0x0d,0x30,0x00,0x00,0x00,
    0x00,0x00,0x00,0x00,0x00,0x00,0x00,0x00,0x00,0x00,0x00,0x00,0x00,0x00,0x00,0x00,
    0x00,0x00,0x00,0x00,0x00,0x00,0x00,0x00,0x00,0x33,0xc0,0x02,0x21,0x90,0x00,0x00,
    0x00,0x00,0x00,0x00,0x00,0x00,0x00,0x00,0x00,0x00,0x00,0x00,0x08,0x00,0x00,0x00,
    0x00,0x00,0x00,0x00,0x00,0x00,0x00,0x00,0x00,0x4f,0xff,0xff,0xd0,0x00,0x00,0x00,
    0x00,0x00,0x00,0x00,0x00,0x00,0x00,0x00,0x00,0x00,0x00,0x00,0x00,0x00,0x00,0x00,
    0x00,0x00,0x00,0x00,0x00,0x00,0x00,0x00,0x00,0x4e,0x7f,0xfd,0xc0,0x00,0x00,0x00,
    0x00,0x00,0x00,0x00,0x00,0x00,0x00,0x00,0x00,0x00,0x00,0x00,0x48,0x00,0x00,0x00,
    0x00,0x00,0x00,0x00,0x00,0x00,0x00,0x00,0x00,0x27,0x1f,0xfd,0x00,0xc8,0x00,0x00,
    0x00,0x00,0x00,0x00,0x00,0x00,0x00,0x00,0x00,0x00,0x00,0x00,0x30,0x00,0x00,0x00,
    0x00,0x00,0x00,0x00,0x00,0x00,0x00,0x00,0x00,0x32,0x00,0x04,0x30,0x00,0x00,0x00,
    0x00,0x00,0x00,0x00,0x00,0x00,0x00,0x00,0x00,0x00,0x00,0x00,0x00,0x00,0x00,0x00,
    0x00,0x00,0x00,0x00,0x00,0x00,0x00,0x00,0x00,0x21,0x80,0x0b,0x00,0xc8,0x00,0x00,
    0x00,0x00,0x00,0x00,0x00,0x00,0x00,0x00,0x00,0x00,0x00,0x00,0x00,0x00,0x00,0x00,
    0x00,0x00,0x00,0x00,0x00,0x00,0x00,0x00,0x00,0x5f,0xff,0xff,0xf0,0x00,0x00,0x00,
    0x00,0x00,0x00,0x00,0x00,0x00,0x00,0x00,0x00,0x00,0x00,0x00,0x98,0x00,0x00,0x00,
    0x00,0x00,0x00,0x00,0x00,0x00,0x00,0x00,0x00,0x0c,0x7f,0xfd,0xc0,0x00,0x00,0x00,
    0x00,0x00,0x00,0x00,0x00,0x00,0x00,0x00,0x00,0x00,0x00,0x00,0x18,0x00,0x00,0x00,
    0x00,0x00,0x00,0x00,0x00,0x00,0x00,0x00,0x00,0x24,0xff,0xed,0x10,0x48,0x00,0x00,
    0x00,0x00,0x00,0x00,0x00,0x00,0x00,0x00,0x00,0x00,0x00,0x00,0x68,0x00,0x00,0x00,
    0x00,0x00,0x00,0x00,0x00,0x00,0x00,0x00,0x00,0x71,0x40,0x0c,0x38,0x00,0x00,0x00,
    0x00,0x00,0x00,0x00,0x00,0x00,0x00,0x00,0x00,0x00,0x00,0x00,0x00,0x00,0x00,0x00,
    0x00,0x00,0x00,0x00,0x00,0x00,0x00,0x00,0x00,0x27,0x80,0x0b,0x18,0x48,0x00,0x00,
    0x00,0x00,0x00,0x00,0x00,0x00,0x00,0x00,0x00,0x00,0x00,0x00,0x00,0x00,0x00,0x00,
    0x00,0x00,0x00,0x00,0x00,0x00,0x00,0x00,0x00,0x5f,0xff,0xf7,0xe0,0x00,0x00,0x00,
    0x00,0x00,0x00,0x00,0x00,0x00,0x00,0x00,0x00,0x00,0x00,0x01,0x90,0x00,0x00,0x00,
    0x00,0x00,0x00,0x00,0x00,0x00,0x00,0x00,0x00,0x0b,0x1f,0xfd,0xc0,0x00,0x00,0x00,
    0x00,0x00,0x00,0x00,0x00,0x00,0x00,0x00,0x00,0x00,0x00,0x01,0x80,0x00,0x00,0x00,
    0x00,0x00,0x00,0x00,0x00,0x00,0x00,0x00,0x00,0x69,0x6f,0xfd,0x11,0x48,0x00,0x00,
    0x00,0x00,0x00,0x00,0x00,0x00,0x00,0x00,0x00,0x00,0x00,0x01,0x40,0x00,0x00,0x00,
    0x00,0x00,0x00,0x00,0x00,0x00,0x00,0x00,0x00,0xf1,0x20,0x04,0x38,0x00,0x00,0x00,
    0x00,0x00,0x00,0x00,0x00,0x00,0x00,0x00,0x00,0x00,0x00,0x00,0x00,0x00,0x00,0x00,
    0x00,0x00,0x00,0x00,0x00,0x00,0x00,0x00,0x00,0xee,0xc0,0x0b,0x19,0x48,0x00,0x00,
    0x00,0x00,0x00,0x00,0x00,0x00,0x00,0x00,0x00,0x00,0x00,0x00,0x20,0x00,0x00,0x00,
    0x00,0x00,0x00,0x00,0x00,0x00,0x00,0x00,0x00,0x1f,0xff,0xff,0xe0,0x00,0x00,0x00,
    0x00,0x00,0x00,0x00,0x00,0x00,0x00,0x00,0x00,0x00,0x00,0x01,0x20,0x00,0x00,0x00,
    0x00,0x00,0x00,0x00,0x00,0x00,0x00,0x00,0x00,0x1e,0x1f,0xc5,0xc0,0x00,0x00,0x00,
    0x00,0x00,0x00,0x00,0x00,0x00,0x00,0x00,0x00,0x00,0x00,0x00,0x20,0x00,0x00,0x00,
    0x00,0x00,0x00,0x00,0x00,0x00,0x00,0x00,0x00,0x6a,0xdf,0xdc,0x11,0x48,0x00,0x00,
    0x00,0x00,0x00,0x00,0x00,0x00,0x00,0x00,0x00,0x00,0x00,0x00,0xc0,0x00,0x00,0x00,
    0x00,0x00,0x00,0x00,0x00,0x00,0x00,0x00,0x00,0xea,0x00,0x05,0x38,0x00,0x00,0x00,
    0x00,0x00,0x00,0x00,0x00,0x00,0x00,0x00,0x00,0x00,0x00,0x00,0x00,0x00,0x00,0x00,
    0x00,0x00,0x00,0x00,0x00,0x00,0x00,0x00,0x00,0xe5,0xe0,0x7a,0x19,0x48,0x00,0x00,
    0x00,0x00,0x00,0x00,0x00,0x00,0x00,0x00,0x00,0x00,0x00,0x00,0x00,0x00,0x00,0x00,
    0x00,0x00,0x00,0x00,0x00,0x00,0x00,0x00,0x00,0x1f,0xff,0xff,0xe0,0x00,0x00,0x00,
    0x00,0x00,0x00,0x00,0x00,0x00,0x00,0x00,0x00,0x00,0x00,0x03,0x00,0x00,0x00,0x00,
    0x00,0x00,0x00,0x00,0x00,0x00,0x00,0x00,0x00,0x9c,0x9f,0x19,0xc0,0x00,0x00,0x00,
    0x00,0x00,0x00,0x00,0x00,0x00,0x00,0x00,0x00,0x00,0x00,0x03,0x20,0x00,0x00,0x00,
    0x00,0x00,0x00,0x00,0x00,0x00,0x00,0x00,0x00,0xe8,0xef,0xd9,0x01,0x48,0x00,0x00,
    0x00,0x00,0x00,0x00,0x00,0x00,0x00,0x00,0x00,0x00,0x00,0x02,0xc0,0x00,0x00,0x00,
    0x00,0x00,0x00,0x00,0x00,0x00,0x00,0x00,0x00,0x68,0x90,0xb8,0x38,0x00,0x00,0x00,
    0x00,0x00,0x00,0x00,0x00,0x00,0x00,0x00,0x00,0x00,0x00,0x00,0x00,0x00,0x00,0x00,
    0x00,0x00,0x00,0x00,0x00,0x00,0x00,0x00,0x00,0x77,0x60,0x66,0x09,0x48,0x00,0x00,
    0x00,0x00,0x00,0x00,0x00,0x00,0x00,0x00,0x00,0x00,0x00,0x00,0x00,0x00,0x00,0x00,
    0x00,0x00,0x00,0x00,0x00,0x00,0x00,0x00,0x00,0x9f,0x7f,0xff,0xf0,0x00,0x00,0x00,
    0x00,0x00,0x00,0x00,0x00,0x00,0x00,0x00,0x00,0x00,0x00,0x02,0x20,0x00,0x00,0x00,
    0x00,0x00,0x07,0x83,0x80,0x00,0x00,0x00,0x00,0x00,0x9f,0x39,0xd0,0x00,0x00,0x00,
    0x00,0x00,0x00,0x00,0x00,0x00,0x00,0x00,0x00,0x00,0x00,0x00,0x00,0x00,0x00,0x00,
    0x00,0x00,0x04,0x7c,0x80,0x00,0x00,0x00,0x00,0x75,0xef,0x8a,0x22,0x48,0x00,0x00,
    0x00,0x00,0x00,0x00,0x00,0x00,0x00,0x00,0x00,0x00,0x00,0x01,0x80,0x00,0x00,0x00,
    0x00,0x00,0x04,0x00,0x80,0x00,0x00,0x00,0x00,0xf4,0x90,0x49,0x20,0x00,0x00,0x00,
    0x00,0x00,0x00,0x00,0x00,0x00,0x00,0x00,0x00,0x00,0x00,0x00,0x00,0x00,0x00,0x00,
    0x00,0x00,0x00,0x00,0x00,0x00,0x00,0x00,0x00,0xeb,0x61,0xf6,0x22,0x48,0x00,0x00,
    0x00,0x00,0x00,0x00,0x00,0x00,0x00,0x00,0x00,0x00,0x00,0x00,0x40,0x00,0x00,0x00,
    0x00,0x00,0x00,0x00,0x00,0x00,0x00,0x00,0x00,0x1f,0x7f,0xff,0xd0,0x00,0x00,0x00,
    0x00,0x00,0x00,0x00,0x00,0x00,0x0c,0x00,0x00,0x00,0x00,0x00,0x40,0x00,0x00,0x00,
    0x00,0x00,0x6c,0x80,0xd0,0x00,0x00,0x00,0x00,0x04,0x9e,0x7d,0x90,0x00,0x00,0x00,
    0x00,0x00,0x00,0x00,0x00,0x00,0x0c,0x00,0x00,0x00,0x00,0x02,0x40,0x00,0x00,0x00,
    0x00,0x00,0x5f,0x7e,0xf0,0x00,0x00,0x00,0x00,0x75,0xee,0xd1,0x30,0x98,0x00,0x00,
    0x00,0x00,0x00,0x00,0x00,0x00,0x0c,0x00,0x00,0x00,0x00,0x01,0x80,0x00,0x00,0x00,
    0x00,0x00,0x40,0xf9,0x10,0x00,0x00,0x00,0x00,0xf4,0x90,0x50,0x60,0x00,0x00,0x00,
    0x00,0x00,0x00,0x00,0x00,0x00,0x0c,0x00,0x00,0x00,0x00,0x00,0x00,0x00,0x00,0x00,
    0x00,0x00,0x04,0x00,0xc0,0x00,0x00,0x00,0x00,0xeb,0x61,0xaf,0x20,0x98,0x00,0x00,
    0x00,0x00,0x00,0x00,0x00,0x00,0x00,0x00,0x00,0x00,0x00,0x00,0x00,0x00,0x00,0x00,
    0x00,0x00,0x03,0x06,0x00,0x00,0x00,0x00,0x00,0x1f,0x7f,0xff,0xd0,0x00,0x00,0x00,
    0x00,0x00,0x00,0x00,0x00,0x00,0x1c,0x00,0x00,0x00,0x00,0x04,0x00,0x00,0x00,0x00,
    0x00,0x02,0x5e,0x0f,0x7a,0x00,0x00,0x00,0x00,0x04,0x9e,0x6d,0x90,0x00,0x00,0x00,
    0x00,0x00,0x00,0x00,0x00,0x00,0x1c,0x00,0x00,0x00,0x00,0x04,0x40,0x00,0x00,0x00,
    0x00,0x03,0xe0,0x00,0x7c,0x00,0x00,0x00,0x00,0x3f,0x5f,0x35,0x31,0x90,0x00,0x00,
    0x00,0x00,0x00,0x00,0x00,0x00,0x1c,0x00,0x00,0x00,0x00,0x05,0x80,0x00,0x00,0x00,
    0x00,0x02,0x1e,0x0f,0x80,0x00,0x00,0x00,0x00,0x74,0x00,0x34,0x60,0x00,0x00,0x00,
    0x00,0x00,0x00,0x00,0x00,0x00,0x1c,0x00,0x00,0x00,0x00,0x00,0x00,0x00,0x00,0x00,
    0x00,0x00,0x41,0xf0,0x00,0x00,0x00,0x00,0x00,0x2b,0x63,0xcb,0x21,0x90,0x00,0x00,
    0x00,0x00,0x00,0x00,0x00,0x00,0x00,0x00,0x00,0x00,0x00,0x02,0x00,0x00,0x00,0x00,
    0x00,0x00,0x20,0x00,0x00,0x00,0x00,0x00,0x00,0x5f,0x7f,0xff,0xd0,0x00,0x00,0x00,
    0x00,0x00,0x00,0x00,0x00,0x00,0x78,0x00,0x00,0x00,0x00,0x04,0x00,0x00,0x00,0x00,
    0x00,0x0a,0x80,0x01,0x95,0x80,0x00,0x00,0x00,0x50,0x3e,0xb9,0x20,0x00,0x00,0x00,
    0x00,0x00,0x00,0x00,0x00,0x00,0x78,0x00,0x00,0x00,0x00,0x00,0x40,0x00,0x00,0x00,
    0x00,0x06,0x00,0x01,0x8b,0x00,0x00,0x00,0x00,0x2b,0xff,0xea,0x40,0x20,0x00,0x00,
    0x00,0x00,0x00,0x00,0x00,0x00,0x78,0x00,0x00,0x00,0x00,0x03,0x00,0x00,0x00,0x00,
    0x00,0x00,0xbc,0xf8,0x1c,0x00,0x00,0x00,0x00,0x20,0x22,0xe8,0xc0,0x00,0x00,0x00,
    0x00,0x00,0x00,0x00,0x00,0x00,0x78,0x00,0x00,0x00,0x00,0x00,0x80,0x00,0x00,0x00,
    0x00,0x03,0x40,0x07,0x20,0x00,0x00,0x00,0x00,0x3f,0xc1,0x17,0x40,0x20,0x00,0x00,
    0x00,0x00,0x00,0x00,0x00,0x00,0x00,0x00,0x00,0x00,0x00,0x00,0x00,0x00,0x00,0x00,
    0x00,0x00,0x03,0x00,0x42,0x00,0x00,0x00,0x00,0x5f,0xff,0xff,0xa0,0x00,0x00,0x00,
    0x00,0x00,0x00,0x00,0x00,0x00,0xf0,0x00,0x00,0x00,0x00,0x00,0x00,0x00,0x00,0x00,
    0x00,0x20,0x4f,0x23,0x27,0xc0,0x00,0x00,0x00,0x48,0x3c,0xa1,0x20,0x00,0x00,0x00,
    0x00,0x00,0x00,0x00,0x00,0x00,0xf0,0x00,0x00,0x00,0x00,0x04,0x40,0x00,0x00,0x00,
    0x00,0x10,0x70,0xe3,0x18,0x80,0x00,0x00,0x00,0x7f,0xfd,0xb0,0x60,0x00,0x00,0x00,
    0x00,0x00,0x00,0x00,0x00,0x00,0xf0,0x00,0x00,0x00,0x00,0x03,0x00,0x00,0x00,0x00,
    0x00,0x09,0x00,0x0c,0xb8,0x00,0x00,0x00,0x00,0x38,0x00,0xb1,0xc0,0x00,0x00,0x00,
    0x00,0x00,0x00,0x00,0x00,0x00,0xf0,0x00,0x00,0x00,0x00,0x00,0x80,0x00,0x00,0x00,
    0x00,0x06,0x00,0x00,0x47,0x80,0x00,0x00,0x00,0x37,0xe3,0x4e,0x40,0x00,0x00,0x00,
    0x00,0x00,0x00,0x00,0x00,0x00,0x00,0x00,0x00,0x00,0x00,0x00,0x00,0x00,0x00,0x00,
    0x00,0x00,0x80,0x10,0x00,0x00,0x00,0x00,0x00,0x4f,0xff,0xff,0xa0,0x00,0x00,0x00,
    0x00,0x00,0x00,0x00,0x00,0x01,0xe0,0x00,0x00,0x00,0x00,0x0c,0x80,0x00,0x00,0x00,
    0x00,0x80,0x80,0x3c,0x4c,0xe0,0x00,0x00,0x00,0x01,0x3c,0xb2,0x40,0x00,0x00,0x00,
    0x00,0x00,0x00,0x00,0x00,0x01,0xe0,0x00,0x00,0x00,0x00,0x0c,0x40,0x00,0x00,0x00,
    0x00,0x43,0x00,0x2e,0x31,0xe0,0x00,0x00,0x00,0x1e,0xff,0xb2,0x80,0x00,0x00,0x00,
    0x00,0x00,0x00,0x00,0x00,0x01,0xe0,0x80,0x00,0x00,0x00,0x0b,0x80,0x00,0x00,0x00,
    0x00,0x28,0x00,0x21,0xf3,0x20,0x00,0x00,0x00,0x3c,0x40,0xb3,0x80,0x00,0x00,0x00,
    0x00,0x00,0x00,0x00,0x00,0x01,0xe0,0x80,0x00,0x00,0x00,0x00,0x00,0x00,0x00,0x00,
    0x00,0x10,0x00,0x00,0x0f,0x40,0x00,0x00,0x00,0x1a,0x83,0x4c,0x80,0x00,0x00,0x00,
    0x00,0x00,0x00,0x00,0x00,0x00,0x00,0x00,0x00,0x00,0x00,0x00,0x00,0x00,0x00,0x00,
    0x00,0x04,0x00,0x00,0x00,0x80,0x00,0x00,0x00,0x26,0xff,0xff,0x40,0x00,0x00,0x00,
    0x00,0x00,0x00,0x00,0x00,0x01,0xc0,0x00,0x00,0x00,0x00,0x08,0x80,0x00,0x00,0x00,
    0x02,0x14,0x00,0x0c,0x5f,0x80,0x00,0x00,0x00,0x03,0xfd,0x02,0x80,0x00,0x00,0x00,
    0x00,0x00,0x00,0x00,0x00,0x01,0xc0,0x00,0x00,0x00,0x00,0x00,0x40,0x00,0x00,0x00,
    0x03,0x18,0x00,0x08,0x20,0x60,0x00,0x00,0x00,0x1c,0x1c,0x45,0x00,0x00,0x00,0x00,
    0x00,0x00,0x00,0x00,0x00,0x01,0xc3,0xc0,0x00,0x00,0x00,0x06,0x80,0x00,0x00,0x00,
    0x02,0xa0,0x00,0x09,0x61,0x80,0x00,0x00,0x00,0x3e,0x80,0x03,0x40,0x00,0x00,0x00,
    0x00,0x00,0x00,0x00,0x00,0x01,0xc3,0xc0,0x00,0x00,0x00,0x01,0x00,0x00,0x00,0x00,
    0x00,0x40,0x00,0x00,0x9d,0xc0,0x00,0x00,0x00,0x3d,0x02,0xbd,0x40,0x00,0x00,0x00,
    0x00,0x00,0x00,0x00,0x00,0x00,0x00,0x00,0x00,0x00,0x00,0x00,0x00,0x00,0x00,0x00,
    0x00,0x00,0x00,0x02,0x02,0x00,0x00,0x00,0x00,0x03,0xfe,0xbe,0x80,0x00,0x00,0x00,
    0x00,0x00,0x00,0x00,0x00,0x03,0x86,0x00,0x00,0x00,0x00,0x08,0x40,0x00,0x00,0x00,
    0x06,0x50,0x00,0x04,0x5f,0x20,0x00,0x00,0x00,0x10,0x7e,0x04,0x00,0x00,0x00,0x00,
    0x00,0x00,0x00,0x00,0x00,0x03,0x86,0x00,0x00,0x00,0x00,0x00,0xc0,0x00,0x00,0x00,
    0x02,0x60,0x00,0x00,0x22,0xe0,0x00,0x00,0x02,0x1e,0x0b,0xea,0x00,0x00,0x00,0x00,
    0x00,0x00,0x00,0x00,0x00,0x03,0x87,0x80,0x00,0x00,0x00,0x06,0x80,0x00,0x00,0x00,
    0x00,0x80,0x00,0x03,0x63,0x80,0x00,0x00,0x00,0x0f,0x80,0x03,0x80,0x00,0x00,0x00,
    0x00,0x00,0x00,0x00,0x00,0x03,0x87,0x80,0x00,0x00,0x00,0x01,0x40,0x00,0x00,0x00,
    0x01,0x00,0x00,0x00,0x9f,0xe0,0x00,0x00,0x02,0x0e,0x03,0xfe,0x80,0x00,0x00,0x00,
    0x00,0x00,0x00,0x00,0x00,0x00,0x00,0x00,0x00,0x00,0x00,0x00,0x00,0x00,0x00,0x00,
    0x00,0x00,0x00,0x00,0x00,0x00,0x00,0x00,0x00,0x11,0xff,0xfd,0x00,0x00,0x00,0x00,
    0x00,0x00,0x00,0x00,0x00,0x07,0x0e,0x00,0x00,0x00,0x00,0x00,0x20,0x00,0x00,0x00,
    0x00,0x40,0x00,0x00,0x5e,0x70,0x00,0x00,0x00,0x08,0x3f,0x9a,0x00,0x00,0x00,0x00,
    0x00,0x00,0x00,0x00,0x00,0x07,0x0e,0x00,0x00,0x00,0x00,0x08,0x80,0x00,0x00,0x00,
    0x08,0x80,0x00,0x04,0x21,0xb0,0x00,0x00,0x07,0x0f,0x01,0x94,0x00,0x00,0x00,0x00,
    0x00,0x00,0x00,0x00,0x00,0x07,0x0e,0x00,0x00,0x00,0x00,0x06,0xc0,0x00,0x00,0x00,
    0x01,0x00,0x00,0x03,0x60,0x10,0x00,0x00,0x00,0x07,0xc0,0x95,0x00,0x00,0x00,0x00,
    0x00,0x00,0x00,0x00,0x00,0x07,0x0e,0x00,0x00,0x00,0x00,0x01,0x00,0x00,0x00,0x00,
    0x02,0x00,0x00,0x00,0x9f,0xe0,0x00,0x00,0x07,0x07,0x01,0x6d,0x00,0x00,0x00,0x00,
    0x00,0x00,0x00,0x00,0x00,0x00,0x00,0x00,0x00,0x00,0x00,0x00,0x00,0x00,0x00,0x00,
    0x04,0x00,0x00,0x00,0x00,0x00,0x00,0x00,0x00,0x08,0xff,0xfa,0x00,0x00,0x00,0x00,
    0x00,0x00,0x00,0x00,0x00,0x07,0x1c,0x00,0x00,0x00,0x00,0x01,0x00,0x00,0x00,0x00,
    0x03,0x00,0x00,0x00,0x4f,0xf0,0x00,0x00,0x00,0x04,0x07,0xc4,0x01,0xfe,0x00,0x00,
    0x00,0x00,0x00,0x00,0x00,0x07,0x1c,0x00,0x00,0x00,0x00,0x08,0xe0,0x00,0x00,0x00,
    0x12,0x00,0x00,0x04,0x30,0x30,0x00,0x00,0x00,0x07,0xc0,0x04,0x01,0x82,0x00,0x00,
    0x00,0x00,0x00,0x00,0x00,0x07,0x1c,0x00,0x00,0x00,0x00,0x07,0xc0,0x00,0x00,0x00,
    0x0c,0x00,0x00,0x03,0x70,0x10,0x00,0x00,0x00,0x03,0xf8,0x38,0x00,0x00,0x00,0x00,
    0x00,0x00,0x00,0x00,0x00,0x07,0x1c,0x00,0x00,0x00,0x00,0x00,0x00,0x00,0x00,0x00,
    0x00,0x00,0x00,0x00,0x8f,0xe0,0x00,0x00,0x00,0x03,0xc0,0x00,0x00,0x00,0x00,0x00,
    0x00,0x00,0x00,0x00,0x00,0x00,0x00,0x00,0x00,0x00,0x00,0x00,0x00,0x00,0x00,0x00,
    0x00,0x00,0x00,0x00,0x00,0x00,0x00,0x00,0x00,0x04,0x3f,0xfc,0x01,0xfe,0x00,0x00,
    0x00,0x00,0x00,0x00,0x00,0x0e,0x38,0x38,0x00,0x00,0x00,0x01,0xa0,0x00,0x00,0x00,
    0x46,0x00,0x00,0x04,0x47,0x20,0x00,0x00,0x00,0x01,0x00,0x10,0x0c,0x00,0x80,0x00,
    0x00,0x00,0x00,0x00,0x00,0x0e,0x38,0x38,0x00,0x00,0x00,0x08,0x60,0x00,0x00,0x00,
    0x64,0x00,0x00,0x00,0x38,0xe0,0x00,0x00,0x00,0x00,0xff,0xd0,0x09,0xfe,0x80,0x00,
    0x00,0x00,0x00,0x00,0x00,0x0e,0x38,0x78,0x00,0x00,0x00,0x07,0xc0,0x00,0x00,0x00,
    0x58,0x00,0x00,0x01,0xf8,0xc0,0x00,0x00,0x00,0x02,0xff,0xe8,0x03,0xff,0x00,0x00,
    0x00,0x00,0x00,0x00,0x00,0x0e,0x38,0x78,0x00,0x00,0x00,0x00,0x20,0x00,0x00,0x00,
    0x00,0x00,0x00,0x00,0x07,0x00,0x00,0x00,0x00,0x02,0xff,0xc8,0x01,0xfe,0x00,0x00,
    0x00,0x00,0x00,0x00,0x00,0x00,0x00,0x00,0x00,0x00,0x00,0x00,0x00,0x00,0x00,0x00,
    0x00,0x00,0x00,0x02,0x00,0x00,0x00,0x00,0x00,0x01,0x00,0x30,0x0e,0x01,0x80,0x00,
    0x00,0x00,0x00,0x00,0x00,0x0c,0x30,0x30,0x00,0x00,0x00,0x01,0x10,0x00,0x00,0x00,
    0x84,0x00,0x00,0x00,0x38,0x20,0x00,0x00,0x00,0x00,0x61,0xc0,0x10,0x00,0x00,0x00,
    0x00,0x00,0x00,0x00,0x00,0x0c,0x30,0x30,0x00,0x00,0x00,0x08,0xe0,0x00,0x00,0x00,
    0xcc,0x00,0x00,0x02,0x07,0xc0,0x00,0x00,0x00,0x00,0x40,0xc0,0x0e,0x03,0x80,0x00,
    0x00,0x00,0x00,0x00,0x00,0x0c,0x30,0xf0,0x00,0x00,0x00,0x07,0xc0,0x00,0x00,0x00,
    0xb4,0x00,0x00,0x01,0xff,0x80,0x00,0x00,0x00,0x00,0x1e,0x00,0x0f,0xff,0xe0,0x00,
    0x00,0x00,0x00,0x00,0x00,0x0c,0x30,0xf0,0x00,0x00,0x00,0x00,0x00,0x00,0x00,0x00,
    0x00,0x00,0x00,0x00,0x00,0x00,0x00,0x00,0x00,0x00,0x00,0x00,0x0e,0x03,0xa0,0x00,
    0x00,0x00,0x00,0x00,0x00,0x00,0x00,0x00,0x00,0x00,0x00,0x00,0x20,0x00,0x00,0x00,
    0x00,0x00,0x00,0x00,0x00,0x40,0x00,0x00,0x00,0x00,0x7f,0xc0,0x11,0xfc,0x40,0x00,
    0x00,0x00,0x00,0x00,0x00,0x1c,0x61,0x00,0x00,0x00,0x00,0x00,0x18,0x00,0x00,0x00,
    0x08,0x00,0x00,0x03,0x0f,0x00,0x00,0x00,0x00,0x00,0x00,0x00,0x40,0xf8,0x00,0x00,
    0x00,0x00,0x00,0x00,0x00,0x1c,0x61,0x00,0x00,0x00,0x00,0x08,0xf8,0x00,0x00,0x00,
    0x98,0x00,0x00,0x01,0x00,0x40,0x00,0x00,0x00,0x00,0x00,0x00,0x50,0x01,0xc0,0x00,
    0x00,0x00,0x00,0x00,0x00,0x1c,0x71,0xc0,0x00,0x00,0x00,0x06,0xe8,0x00,0x00,0x00,
    0x68,0x00,0x00,0x00,0xaf,0x00,0x00,0x00,0x00,0x00,0x00,0x00,0x3f,0x07,0xe0,0x00,
    0x00,0x00,0x00,0x00,0x00,0x1c,0x71,0xc0,0x00,0x00,0x00,0x01,0x10,0x00,0x00,0x00,
    0x00,0x00,0x00,0x00,0x10,0x80,0x00,0x00,0x00,0x00,0x00,0x00,0x10,0x01,0xc0,0x00,
    0x00,0x00,0x00,0x00,0x00,0x00,0x00,0x00,0x00,0x00,0x00,0x00,0x00,0x00,0x00,0x00,
    0x00,0x00,0x00,0x00,0x40,0x00,0x00,0x00,0x00,0x00,0x00,0x00,0x6f,0xfe,0x20,0x00,
    0x00,0x00,0x00,0x00,0x00,0x1c,0x43,0x80,0x00,0x00,0x00,0x00,0x00,0x00,0x00,0x00,
    0x10,0x00,0x00,0x01,0x01,0x40,0x00,0x07,0x00,0x00,0x00,0x00,0x8f,0xfc,0x10,0x00,
    0x00,0x00,0x00,0x00,0x00,0x1c,0x43,0x80,0x00,0x00,0x00,0x08,0xf8,0x00,0x00,0x01,
    0x30,0x00,0x00,0x01,0x81,0xc0,0x00,0x07,0xe0,0x00,0x00,0x00,0xaa,0x00,0x60,0x00,
    0x00,0x00,0x00,0x00,0x00,0x1c,0x63,0x80,0x00,0x00,0x00,0x06,0xe0,0x00,0x00,0x00,
    0xd0,0x00,0x00,0x01,0x32,0x40,0x00,0x07,0x00,0x00,0x00,0x00,0x74,0x03,0xe0,0x00,
    0x00,0x00,0x00,0x00,0x00,0x1c,0x63,0x80,0x00,0x00,0x00,0x01,0x00,0x00,0x00,0x00,
    0x00,0x00,0x00,0x00,0x0c,0x00,0x00,0x07,0xe0,0x00,0x00,0x00,0x20,0x00,0x60,0x00,
    0x00,0x00,0x00,0x00,0x00,0x00,0x00,0x00,0x00,0x00,0x00,0x00,0x10,0x00,0x00,0x00,
    0x00,0x00,0x00,0x00,0x40,0x00,0x00,0x00,0x00,0x00,0x00,0x00,0xdf,0xff,0x90,0x00,
    0x00,0x00,0x00,0x00,0x00,0x18,0x62,0x02,0x00,0x00,0x00,0x00,0x04,0x00,0x00,0x02,
    0x60,0x00,0x00,0x00,0x49,0x00,0x00,0x03,0x00,0x00,0x00,0x01,0x2c,0xff,0x08,0x00,
    0x00,0x00,0x00,0x00,0x00,0x18,0x62,0x05,0x00,0x00,0x00,0x08,0xf8,0x00,0x00,0x00,
    0x40,0x00,0x00,0x00,0x3e,0x00,0x00,0x03,0xf0,0x00,0x00,0x01,0xbd,0x86,0x38,0x00,
    0x00,0x00,0x00,0x00,0x00,0x18,0xe3,0x00,0x80,0x00,0x00,0x06,0xf0,0x00,0x00,0x00,
    0x00,0x00,0x00,0x00,0x00,0x00,0x00,0x03,0x00,0x00,0x00,0x00,0xdd,0x00,0xf0,0x00,
    0x00,0x00,0x00,0x00,0x00,0x18,0xe3,0x02,0x00,0x00,0x00,0x01,0x00,0x00,0x00,0x00,
    0x80,0x00,0x00,0x00,0x00,0x00,0x00,0x03,0xf0,0x00,0x00,0x00,0x82,0x00,0x30,0x00,
    0x00,0x00,0x00,0x00,0x00,0x00,0x00,0x0d,0x00,0x00,0x00,0x00,0x08,0x00,0x00,0x01,
    0x00,0x00,0x00,0x00,0x00,0x00,0x00,0x00,0x00,0x00,0x00,0x01,0x7f,0xff,0xc8,0x00,
    0x00,0x00,0x00,0x00,0x00,0x18,0xe2,0x0e,0x00,0x00,0x00,0x00,0x02,0x00,0x00,0x06,
    0x40,0x00,0x00,0x00,0x00,0x00,0x00,0x00,0x00,0x00,0x00,0x02,0x72,0xd5,0x80,0x00,
    0x00,0x00,0x00,0x00,0x00,0x18,0xe2,0x00,0xc0,0x00,0x00,0x08,0xfc,0x00,0x00,0x06,
    0x00,0x00,0x00,0x00,0x00,0x00,0x00,0x00,0xfc,0x00,0x00,0x03,0xbe,0xfd,0x30,0x00,
    0x00,0x00,0x00,0x00,0x00,0x18,0xe7,0x11,0x00,0x00,0x00,0x06,0xf8,0x00,0x00,0x04,
    0x80,0x00,0x00,0x00,0x00,0x00,0x00,0x00,0x00,0x00,0x00,0x01,0xbe,0xed,0xf8,0x00,
    0x00,0x00,0x00,0x00,0x00,0x18,0xe7,0x0f,0x80,0x00,0x00,0x01,0x00,0x00,0x00,0x01,
    0x00,0x00,0x00,0x00,0x00,0x00,0x00,0x00,0xfc,0x00,0x00,0x01,0x81,0x12,0x30,0x00,
    0x00,0x00,0x00,0x00,0x00,0x00,0x00,0x00,0x40,0x00,0x00,0x00,0x04,0x00,0x00,0x00,
    0x00,0x00,0x00,0x00,0x00,0x00,0x00,0x00,0x00,0x00,0x00,0x02,0x7f,0xff,0xc8,0x00,
    0x00,0x00,0x00,0x00,0x00,0x18,0xc6,0x1d,0x40,0x00,0x00,0x08,0x88,0x9e,0x00,0x04,
    0x80,0x00,0x00,0x00,0x00,0x00,0x00,0x00,0x00,0x00,0x00,0x00,0xb2,0xff,0x40,0x00,
    0x00,0x00,0x00,0x00,0x00,0x18,0xc6,0x00,0x80,0x00,0x00,0x00,0x77,0xe6,0x00,0x00,
    0x80,0x00,0x00,0x00,0x00,0x00,0x00,0x00,0x7e,0x00,0x00,0x01,0x73,0xff,0x18,0x00,
    0x00,0x00,0x00,0x00,0x00,0x18,0xc6,0x03,0x80,0x00,0x00,0x06,0xfc,0x86,0x00,0x02,
    0x00,0x00,0x00,0x00,0x00,0x00,0x00,0x00,0x00,0x00,0x00,0x03,0x73,0xff,0x7c,0x00,
    0x00,0x00,0x00,0x00,0x00,0x18,0xc6,0x1f,0xc0,0x00,0x00,0x01,0x00,0x00,0x00,0x01,
    0x00,0x00,0x00,0x00,0x00,0x00,0x00,0x00,0x7e,0x00,0x00,0x01,0x0c,0x00,0xdc,0x00,
    0x00,0x00,0x00,0x00,0x00,0x00,0x00,0x20,0x20,0x00,0x00,0x00,0x02,0x00,0x00,0x00,
    0x00,0x00,0x00,0x00,0x00,0x00,0x00,0x00,0x00,0x00,0x00,0x02,0xff,0xff,0xe0,0x00,
    0x00,0x00,0x00,0x00,0x00,0x18,0xc6,0x1d,0x80,0x00,0x00,0x08,0xd0,0x42,0x60,0x0c,
    0x80,0x00,0x00,0x00,0x00,0x00,0x00,0x00,0x00,0x00,0x00,0x04,0xe3,0xfb,0x24,0x00,
    0x00,0x00,0x00,0x00,0x00,0x18,0xc6,0x03,0xe0,0x00,0x00,0x00,0x2f,0x7e,0xa0,0x0c,
    0x00,0x00,0x00,0x00,0x00,0x00,0x00,0x00,0x1f,0x00,0x00,0x07,0x7f,0xff,0xcc,0x00,
    0x00,0x00,0x00,0x00,0x00,0x18,0xc6,0x20,0x00,0x00,0x00,0x06,0xfe,0x00,0x20,0x09,
    0x00,0x00,0x00,0x00,0x00,0x00,0x00,0x00,0x00,0x00,0x00,0x03,0x63,0xff,0x58,0x00,
    0x00,0x00,0x00,0x00,0x00,0x18,0xc6,0x1e,0x40,0x00,0x00,0x01,0x00,0x83,0x00,0x02,
    0x00,0x00,0x00,0x00,0x00,0x00,0x00,0x00,0x1f,0x00,0x00,0x03,0x9c,0x04,0x88,0x00,
    0x00,0x00,0x00,0x00,0x00,0x00,0x00,0x01,0xa0,0x00,0x00,0x00,0x01,0xbd,0x00,0x00,
    0x00,0x00,0x00,0x00,0x00,0x00,0x00,0x00,0x00,0x00,0x00,0x04,0xff,0xff,0xf4,0x00,
    0x00,0x00,0x00,0x00,0x00,0x18,0x46,0x1f,0xc0,0x00,0x00,0x08,0xc0,0x20,0xac,0x00,
    0x80,0x00,0x00,0x00,0x00,0x00,0x00,0x00,0x00,0x00,0x00,0x01,0xc1,0xf9,0x24,0x00,
    0x00,0x00,0x00,0x00,0x00,0x18,0x46,0x00,0x20,0x00,0x00,0x00,0x3f,0xff,0x64,0x08,
    0x80,0x00,0x00,0x00,0x00,0x00,0x00,0x00,0x0f,0x80,0x0c,0x02,0xfd,0xff,0x68,0x40,
    0x00,0x00,0x00,0x00,0x00,0x18,0xc6,0x20,0x00,0x00,0x00,0x06,0xff,0x9f,0x04,0x04,
    0x80,0x00,0x00,0x00,0x00,0x00,0x00,0x00,0x00,0x00,0x00,0x06,0xc1,0xff,0x18,0x00,
    0x00,0x00,0x00,0x00,0x00,0x18,0xc6,0x1f,0xc0,0x00,0x00,0x01,0x00,0x20,0xb0,0x02,
    0x00,0x00,0x00,0x00,0x00,0x00,0x00,0x00,0x0f,0x80,0x0c,0x02,0x3e,0x06,0xc8,0x40,
    0x00,0x00,0x00,0x00,0x00,0x00,0x00,0x00,0x20,0x00,0x00,0x00,0x00,0x40,0x50,0x01,
    0x00,0x00,0x00,0x00,0x00,0x00,0x00,0x00,0x00,0x00,0x00,0x05,0xff,0xff,0xf4,0x00,
    0x00,0x00,0x00,0x00,0x00,0x18,0xc6,0x1f,0xe0,0x00,0x00,0x08,0xc0,0x00,0x1d,0x1b,
    0x00,0x00,0x00,0x00,0x00,0x00,0x00,0x00,0x00,0x00,0x00,0x08,0xc1,0xe4,0x24,0x00,
    0x00,0x00,0x00,0x00,0x00,0x18,0xc6,0x00,0x20,0x00,0x00,0x00,0x3f,0xff,0xe7,0x19,
    0x00,0x00,0x00,0x00,0x00,0x00,0x00,0x00,0x07,0xc0,0x0e,0x0f,0xdd,0xf4,0x48,0x20,
    0x00,0x00,0x00,0x00,0x00,0x18,0xc6,0x30,0x00,0x00,0x00,0x07,0xff,0xff,0xe1,0x16,
    0x00,0x00,0x00,0x00,0x00,0x00,0x00,0x00,0x00,0x00,0x00,0x07,0xc1,0xf7,0x38,0x00,
    0x00,0x00,0x00,0x00,0x00,0x18,0xc6,0x0f,0xe0,0x00,0x00,0x00,0x00,0x00,0x1c,0x01,
    0x00,0x00,0x00,0x00,0x00,0x00,0x00,0x00,0x07,0xc0,0x0e,0x06,0x3e,0x0b,0xc8,0x20,
    0x00,0x00,0x00,0x00,0x00,0x00,0x00,0x00,0x00,0x00,0x00,0x00,0x00,0x00,0x00,0x00,
    0x00,0x00,0x00,0x00,0x00,0x00,0x00,0x00,0x00,0x00,0x00,0x09,0xff,0xff,0xf4,0x00,
    0x00,0x00,0x00,0x00,0x00,0x1c,0x06,0x3f,0xe0,0x00,0x00,0x08,0xc0,0x00,0x06,0x51,
    0x80,0x00,0x00,0x00,0x00,0x00,0x00,0x00,0x00,0x00,0x00,0x0b,0xe7,0xe0,0x24,0x00,
    0x00,0x00,0x00,0x00,0x00,0x1c,0x06,0x20,0x20,0x00,0x00,0x00,0x3f,0xff,0xf9,0x83,
    0x80,0x00,0x00,0x00,0x00,0x00,0x00,0x00,0x03,0xe0,0x0e,0x05,0xff,0xe2,0x48,0xa0,
    0x00,0x00,0x00,0x00,0x00,0x1c,0xe6,0x10,0x40,0x00,0x00,0x07,0xff,0xff,0xf8,0x0a,
    0x80,0x00,0x00,0x00,0x00,0x00,0x01,0xe0,0x00,0x00,0x00,0x05,0xe7,0xe3,0x18,0x00,
    0x00,0x00,0x00,0x00,0x00,0x1c,0xe6,0x0f,0x80,0x00,0x00,0x00,0x00,0x00,0x06,0x05,
    0x00,0x00,0x00,0x00,0x00,0x00,0x01,0xe0,0x03,0xe0,0x0e,0x04,0x18,0x1f,0xe8,0xa0,
    0x00,0x00,0x00,0x00,0x00,0x00,0x00,0x00,0x00,0x00,0x00,0x00,0x00,0x00,0x01,0x00,
    0x00,0x00,0x00,0x00,0x00,0x00,0x00,0x00,0x00,0x00,0x00,0x0b,0xff,0xff,0xf4,0x00,
    0x00,0x00,0x00,0x00,0x00,0x1c,0x23,0x1f,0xc0,0x60,0x00,0x08,0x80,0x00,0x01,0x92,
    0x80,0x00,0x00,0x00,0x00,0x00,0x00,0x08,0x00,0x00,0x00,0x03,0xff,0xf4,0xa4,0x00,
    0x00,0x00,0x00,0x00,0x00,0x1c,0x23,0x10,0x40,0x30,0x00,0x00,0x7f,0xff,0xfe,0x61,
    0x00,0x00,0x00,0x00,0x00,0x00,0x00,0x08,0x01,0xf0,0x0e,0x05,0xff,0xfc,0xe8,0x10,
    0x00,0x00,0x00,0x00,0x00,0x1c,0x63,0x0f,0x80,0x00,0x00,0x07,0xff,0xff,0xfe,0x02,
    0x00,0x00,0x00,0x00,0x00,0x00,0x01,0xf8,0x00,0x00,0x00,0x0d,0xff,0xfe,0x98,0x00,
    0x00,0x00,0x00,0x00,0x00,0x1c,0x63,0x10,0x00,0x00,0x00,0x00,0x00,0x00,0x01,0x84,
    0x00,0x00,0x00,0x00,0x00,0x00,0x01,0xf8,0x01,0xf0,0x0e,0x06,0x00,0x0b,0x68,0x10,
    0x00,0x00,0x00,0x00,0x00,0x00,0x00,0x00,0x00,0x00,0x00,0x00,0x00,0x00,0x00,0x49,
    0x00,0x00,0x00,0x00,0x00,0x00,0x00,0x00,0x00,0x00,0x00,0x0b,0xff,0xff,0xf4,0x00,
    0x00,0x00,0x00,0x00,0x00,0x0c,0x70,0x0f,0x00,0x2c,0x00,0x00,0x80,0x00,0x00,0x76,
    0x00,0x00,0x00,0x00,0x00,0x00,0x00,0x1e,0x00,0x00,0x00,0x03,0xf0,0x3b,0xa4,0x00,
    0x00,0x00,0x00,0x00,0x00,0x0c,0x70,0x0f,0x80,0x38,0x00,0x08,0x7f,0xff,0xff,0x9d,
    0x80,0x00,0x00,0x00,0x00,0x00,0x00,0x1e,0x00,0xf8,0x00,0x0f,0xfe,0x3b,0xec,0x50,
    0x00,0x00,0x00,0x00,0x00,0x0c,0x70,0x00,0x00,0x00,0x00,0x06,0xff,0xff,0xff,0x83,
    0x00,0x00,0x00,0x00,0x00,0x00,0x00,0xfe,0x00,0x00,0x00,0x1f,0xf0,0x3b,0x98,0x00,
    0x00,0x00,0x00,0x00,0x00,0x0c,0x70,0x00,0x00,0x08,0x00,0x01,0x00,0x00,0x00,0x70,
    0x00,0x00,0x00,0x00,0x00,0x00,0x00,0xfe,0x00,0xf8,0x00,0x1c,0x0f,0xc4,0x68,0x50,
    0x00,0x00,0x00,0x00,0x00,0x00,0x00,0x00,0x00,0x10,0x00,0x00,0x00,0x00,0x00,0x00,
    0x00,0x00,0x00,0x00,0x00,0x00,0x00,0x00,0x00,0x00,0x00,0x03,0xff,0xff,0xf4,0x00,
    0x00,0x00,0x00,0x00,0x00,0x0e,0x30,0x02,0x00,0x30,0x00,0x00,0x00,0x00,0x00,0x32,
    0x00,0x00,0x00,0x00,0x00,0x00,0x00,0x1f,0x00,0x00,0x00,0x03,0xe1,0x1f,0xa4,0x00,
    0x00,0x00,0x00,0x00,0x00,0x0e,0x30,0x00,0x80,0x0e,0x00,0x08,0xff,0xff,0xff,0xcf,
    0xc0,0x00,0x00,0x00,0x00,0x00,0x00,0x1f,0x00,0xfc,0x00,0x0b,0xff,0x7f,0xfd,0x50,
    0x00,0x00,0x00,0x00,0x00,0x0e,0x30,0x00,0x00,0x18,0x00,0x06,0xff,0xff,0xff,0xc1,
    0x00,0x00,0x00,0x00,0x00,0x00,0x00,0x3f,0x00,0x00,0x00,0x1f,0xe7,0x1f,0x98,0x00,
    0x00,0x00,0x00,0x00,0x00,0x0e,0x30,0x01,0x80,0x00,0x00,0x01,0x00,0x00,0x00,0x30,
    0x00,0x00,0x00,0x00,0x00,0x00,0x00,0x3f,0x00,0xfc,0x00,0x18,0x18,0xe0,0x79,0x50,
    0x00,0x00,0x00,0x00,0x00,0x00,0x00,0x01,0x80,0x04,0x00,0x00,0x00,0x00,0x00,0x08,
    0x80,0x00,0x00,0x00,0x00,0x00,0x00,0x00,0x00,0x00,0x00,0x07,0xff,0xff,0xe4,0x00,
    0x00,0x00,0x00,0x00,0x00,0x06,0x10,0x01,0x00,0x30,0x00,0x10,0x00,0x00,0x00,0x0f,
    0x00,0x00,0x00,0x00,0x00,0x00,0x00,0x0f,0x80,0x00,0x00,0x07,0xcf,0xcf,0x20,0x00,
    0x00,0x00,0x00,0x00,0x00,0x06,0x10,0x01,0x00,0x3f,0x00,0x00,0xff,0xff,0xff,0xf3,
    0xe0,0x00,0x00,0x00,0x00,0x00,0x00,0x0f,0x80,0x7c,0x00,0x0f,0xf1,0xaf,0x50,0x90,
    0x00,0x00,0x00,0x00,0x00,0x06,0x18,0x01,0x00,0x2c,0x00,0x06,0xff,0xff,0xff,0xf0,
    0x80,0x00,0x00,0x00,0x00,0x00,0x00,0x0f,0x80,0x00,0x00,0x1f,0xc8,0x6f,0x18,0x00,
    0x00,0x00,0x00,0x00,0x00,0x06,0x18,0x00,0x80,0x10,0x00,0x01,0x00,0x00,0x00,0x0e,
    0x00,0x00,0x00,0x00,0x00,0x00,0x00,0x0f,0x80,0x7c,0x00,0x1c,0x30,0x10,0xf0,0x90,
    0x00,0x00,0x00,0x00,0x00,0x00,0x00,0x01,0x80,0x02,0x00,0x08,0x00,0x00,0x00,0x00,
    0x40,0x00,0x00,0x00,0x00,0x00,0x00,0x00,0x00,0x00,0x00,0x07,0xff,0xff,0xe8,0x00,
    0x00,0x00,0x00,0x00,0x00,0x06,0x00,0x00,0x80,0x00,0x40,0x31,0x00,0x00,0x00,0x07,
    0x88,0x00,0x00,0x00,0x00,0x00,0x00,0x07,0xc0,0x00,0x00,0x02,0x1f,0xef,0x28,0x00,
    0x00,0x00,0x00,0x00,0x00,0x06,0x00,0x00,0x80,0x1f,0xc0,0x30,0xff,0xff,0xff,0xf9,
    0xf8,0x00,0x00,0x00,0x00,0x00,0x00,0x07,0xc0,0x3e,0x00,0x0e,0x63,0xaf,0x58,0xa0,
    0x00,0x00,0x00,0x00,0x00,0x07,0x00,0x00,0x80,0x0e,0x40,0x2d,0xff,0xff,0xff,0xf8,
    0x48,0x00,0x00,0x00,0x00,0x00,0x00,0x07,0xc0,0x00,0x00,0x0e,0x10,0x0f,0x30,0x00,
    0x00,0x00,0x00,0x00,0x00,0x07,0x00,0x01,0x00,0x00,0x00,0x02,0x00,0x00,0x00,0x07,
    0x80,0x00,0x00,0x00,0x00,0x00,0x00,0x07,0xc0,0x3e,0x00,0x0d,0xe0,0x10,0xf0,0xa0,
    0x00,0x00,0x00,0x00,0x00,0x00,0x00,0x01,0x80,0x01,0x00,0x00,0x00,0x00,0x00,0x00,
    0x20,0x00,0x00,0x00,0x00,0x00,0x00,0x00,0x00,0x00,0x00,0x03,0xff,0xff,0xe8,0x00,
    0x00,0x00,0x00,0x00,0x00,0x03,0x80,0x00,0x80,0x00,0x00,0x00,0x00,0x00,0x00,0x03,
    0x04,0x00,0x00,0x00,0x00,0x00,0x00,0x03,0xc0,0x00,0x00,0x03,0x7f,0xe7,0x00,0x00,
    0x00,0x00,0x00,0x00,0x00,0x03,0x80,0x01,0x80,0x1f,0xc0,0x21,0xff,0xff,0xff,0xfc,
    0xb4,0x00,0x00,0x00,0x00,0x00,0x00,0x03,0xe0,0x3e,0x00,0x05,0x43,0x97,0x01,0x60,
    0x00,0x00,0x00,0x00,0x00,0x03,0x80,0x00,0x80,0x0f,0x00,0x1d,0xff,0xff,0xff,0xfc,
    0x64,0x00,0x00,0x00,0x00,0x00,0x00,0x03,0xc0,0x00,0x00,0x0f,0x60,0x17,0x30,0x00,
    0x00,0x00,0x00,0x00,0x00,0x03,0x80,0x01,0x00,0x00,0x00,0x02,0x00,0x00,0x00,0x03,
    0x08,0x00,0x00,0x00,0x00,0x00,0x00,0x03,0xe0,0x3e,0x00,0x06,0x80,0x08,0xc1,0x60,
    0x00,0x00,0x00,0x00,0x00,0x00,0x00,0x01,0x80,0x00,0x80,0x00,0x00,0x00,0x00,0x00,
    0x98,0x00,0x00,0x00,0x00,0x00,0x00,0x00,0x00,0x00,0x00,0x0b,0xff,0xff,0xf0,0x00,
    0x00,0x00,0x00,0x00,0x00,0x01,0x80,0x00,0x80,0x14,0x00,0x02,0x00,0x03,0xc0,0x01,
    0x8e,0x00,0x00,0x00,0x00,0x00,0x00,0x01,0xc0,0x00,0x00,0x08,0xff,0xf6,0x50,0x00,
    0x00,0x00,0x00,0x00,0x00,0x01,0x80,0x01,0x80,0x03,0xe0,0x41,0xff,0xfd,0xdf,0xfe,
    0x76,0x00,0x00,0x00,0x00,0x00,0x00,0x01,0xf0,0x1f,0x00,0x06,0x03,0xe6,0xf0,0xc0,
    0x00,0x00,0x00,0x00,0x00,0x01,0x80,0x00,0x80,0x0f,0x80,0x3f,0xff,0xfe,0x3f,0xfe,
    0x32,0x00,0x00,0x00,0x00,0x00,0x78,0x01,0xc0,0x00,0x00,0x07,0x00,0x16,0x60,0x00,
    0x00,0x00,0x00,0x00,0x00,0x01,0x80,0x01,0x00,0x00,0x00,0x00,0x00,0x01,0x00,0x01,
    0x8c,0x00,0x00,0x00,0x00,0x00,0x78,0x01,0xf0,0x1f,0x00,0x06,0x00,0x09,0xa0,0xc0,
    0x00,0x00,0x00,0x00,0x00,0x00,0x00,0x01,0x80,0x00,0x40,0x00,0x00,0x00,0x00,0x00,
    0x40,0x00,0x00,0x00,0x00,0x00,0x00,0x00,0x00,0x00,0x00,0x09,0xff,0xff,0xd0,0x00,
    0x00,0x00,0x00,0x00,0x00,0x00,0x80,0x01,0x80,0x18,0x10,0x80,0x00,0x07,0xf0,0x00,
    0xc7,0x00,0x00,0x00,0x00,0x00,0x00,0x00,0xc0,0x00,0x00,0x08,0x7f,0xf0,0x60,0x00,
    0x00,0x00,0x00,0x00,0x00,0x00,0x80,0x00,0xc0,0x19,0xe0,0x03,0xff,0xfc,0x1f,0xff,
    0x3b,0x00,0x00,0x00,0x00,0x00,0x00,0x00,0xf0,0x1f,0x00,0x0f,0x00,0xcd,0x81,0x80,
    0x00,0x00,0x00,0x00,0x00,0x00,0x80,0x00,0x80,0x11,0xc0,0x7b,0xff,0xf8,0x0f,0xff,
    0x39,0x00,0x00,0x00,0x00,0x00,0x3e,0x00,0xc0,0x00,0x00,0x07,0x80,0x08,0x40,0x00,
    0x00,0x00,0x00,0x00,0x00,0x00,0x80,0x00,0x40,0x0e,0x00,0x04,0x00,0x04,0x10,0x00,
    0xc6,0x00,0x00,0x00,0x00,0x00,0x3e,0x00,0xf0,0x1f,0x00,0x07,0x00,0x07,0xc1,0x80,
    0x00,0x00,0x00,0x00,0x00,0x00,0x00,0x00,0xc0,0x00,0x20,0x00,0x00,0x00,0x00,0x00,
    0x00,0x00,0x00,0x00,0x00,0x00,0x00,0x00,0x00,0x00,0x00,0x08,0xff,0xff,0xe0,0x00,
    0x00,0x00,0x00,0x00,0x00,0x00,0x00,0x01,0x80,0x09,0x19,0x84,0x00,0x1e,0xc0,0x00,
    0x42,0x80,0x00,0x00,0x00,0x00,0x00,0x00,0x00,0x00,0x00,0x06,0x3f,0xf9,0xc0,0x00,
    0x00,0x00,0x00,0x00,0x00,0x00,0x00,0x00,0x80,0x08,0xf0,0x83,0xff,0xea,0x1f,0xff,
    0xbc,0x80,0x00,0x00,0x00,0x00,0x00,0x00,0x78,0x0f,0x80,0x01,0x00,0x0d,0x00,0x00,
    0x00,0x00,0x00,0x00,0x00,0x00,0x00,0x00,0xc0,0x01,0xe0,0x3f,0xff,0xf1,0xe7,0xff,
    0xbc,0x80,0x00,0x00,0x00,0x00,0x0f,0x00,0x00,0x00,0x00,0x03,0xc0,0x05,0xa0,0x00,
    0x00,0x00,0x00,0x00,0x00,0x00,0x00,0x00,0x40,0x0e,0x10,0x40,0x00,0x00,0x00,0x00,
    0x43,0x00,0x00,0x00,0x00,0x00,0x0f,0x00,0x78,0x0f,0x80,0x03,0x00,0x02,0xa0,0x00,
    0x00,0x00,0x00,0x00,0x00,0x00,0x00,0x00,0xc0,0x00,0x00,0x00,0x00,0x00,0x08,0x00,
    0x01,0x00,0x00,0x00,0x00,0x00,0x00,0x00,0x00,0x00,0x00,0x04,0xff,0xff,0xc0,0x00,
    0x00,0x00,0x00,0x00,0x00,0x00,0x00,0x01,0x80,0x08,0x8e,0x04,0x00,0x20,0x00,0x00,
    0x01,0x00,0x00,0x00,0x00,0x00,0x00,0x00,0x00,0x00,0x00,0x00,0x1f,0xf8,0x80,0x00,
    0x00,0x00,0x00,0x00,0x00,0x00,0x00,0x01,0x80,0x08,0x7f,0x03,0xff,0xdb,0xf7,0xff,
    0xfe,0x80,0x00,0x00,0x00,0x00,0x00,0x00,0x7c,0x0f,0x80,0x03,0x80,0x01,0x00,0x00,
    0x00,0x00,0x00,0x00,0x00,0x00,0x00,0x01,0x80,0x02,0xf6,0x77,0xff,0xe7,0xef,0xff,
    0xfe,0x00,0x00,0x00,0x00,0x00,0x03,0xc0,0x00,0x00,0x00,0x07,0xe0,0x07,0x40,0x00,
    0x00,0x00,0x00,0x00,0x00,0x00,0x00,0x00,0x40,0x05,0x08,0x88,0x00,0x00,0x00,0x00,
    0x01,0x00,0x00,0x00,0x00,0x00,0x03,0xc0,0x7c,0x0f,0x80,0x07,0x80,0x01,0x40,0x00,
    0x00,0x00,0x00,0x00,0x00,0x00,0x00,0x00,0xc0,0x00,0x00,0x00,0x00,0x00,0x10,0x00,
    0x00,0x00,0x00,0x00,0x00,0x00,0x00,0x00,0x00,0x00,0x00,0x00,0x7f,0xfe,0x80,0x00,
    0x00,0x00,0x00,0x00,0x00,0x00,0x00,0x00,0x40,0x08,0x42,0x00,0x00,0x38,0x00,0x00,
    0x00,0x40,0x00,0x00,0x00,0x00,0x00,0x00,0x00,0x00,0x00,0x02,0x03,0xf1,0x00,0x00,
    0x00,0x00,0x00,0x00,0x00,0x00,0x00,0x00,0x40,0x08,0x3c,0x07,0xff,0xf7,0xff,0xff,
    0xff,0x80,0x00,0x00,0x00,0x00,0x00,0x00,0x3c,0x07,0xc0,0x03,0xe0,0x02,0x00,0x00,
    0x00,0x00,0x00,0x00,0x00,0x00,0x00,0x00,0x40,0x03,0x70,0xf7,0xff,0xcf,0xff,0xff,
    0xff,0x00,0x00,0x00,0x00,0x00,0x01,0xe0,0x00,0x00,0x00,0x01,0xfc,0x0e,0x80,0x00,
    0x00,0x00,0x00,0x00,0x00,0x00,0x00,0x00,0x80,0x04,0x85,0x08,0x00,0x00,0x00,0x00,
    0x00,0x00,0x00,0x00,0x00,0x00,0x01,0xe0,0x3c,0x07,0xc0,0x01,0xe0,0x02,0x80,0x00,
    0x00,0x00,0x00,0x00,0x00,0x00,0x00,0x00,0xc0,0x00,0x0c,0x00,0x00,0x00,0x00,0x00,
    0x00,0x80,0x00,0x00,0x00,0x00,0x00,0x00,0x00,0x00,0x00,0x02,0x1f,0xfd,0x00,0x00,
    0x00,0x00,0x00,0x00,0x00,0x00,0x00,0x00,0x40,0x08,0x34,0x08,0x00,0x30,0x00,0x00,
    0x03,0x60,0x00,0x00,0x00,0x00,0x00,0x00,0x00,0x00,0x00,0x01,0x40,0x02,0x00,0x00,
    0x00,0x00,0x00,0x00,0x00,0x00,0x00,0x00,0x40,0x08,0x0e,0x07,0xff,0xaf,0xff,0xff,
    0xfd,0xe0,0x00,0x00,0x00,0x00,0x00,0x00,0x1e,0x07,0xc0,0x01,0xb8,0x1a,0x00,0x00,
    0x00,0x00,0x00,0x00,0x00,0x00,0x00,0x00,0x40,0x03,0xb9,0xef,0xff,0xdf,0xff,0xff,
    0xfe,0x20,0x00,0x00,0x00,0x03,0x80,0xe0,0x00,0x00,0x00,0x00,0xff,0xfc,0x00,0x00,
    0x00,0x00,0x00,0x00,0x00,0x00,0x00,0x00,0x80,0x04,0x44,0x10,0x00,0x20,0x00,0x00,
    0x01,0x40,0x00,0x00,0x00,0x03,0x80,0xe0,0x1e,0x07,0xc0,0x00,0xf8,0x18,0x00,0x00,
    0x00,0x00,0x00,0x00,0x00,0x00,0x00,0x00,0xc0,0x00,0x00,0x00,0x00,0x00,0x00,0x00,
    0x00,0x80,0x00,0x00,0x00,0x00,0x00,0x00,0x00,0x00,0x00,0x01,0x07,0xe6,0x00,0x00,
    0x00,0x00,0x00,0x00,0x00,0x00,0x00,0x00,0x00,0x08,0x01,0x00,0x00,0xa0,0x00,0x00,
    0x01,0x80,0x00,0x00,0x00,0x00,0x00,0x00,0x00,0x00,0x00,0x00,0x40,0x08,0x00,0x00,
    0x00,0x00,0x00,0x00,0x00,0x00,0x00,0x00,0xe0,0x08,0x1f,0x0f,0xff,0x1f,0xff,0xff,
    0xfe,0x60,0x00,0x00,0x00,0x00,0x00,0x00,0x1e,0x03,0xc0,0x00,0x3f,0xe8,0x00,0x00,
    0x00,0x00,0x00,0x00,0x00,0x00,0x00,0x00,0x40,0x03,0xd8,0xef,0xff,0xff,0xff,0xff,
    0xfc,0x00,0x00,0x00,0x00,0x00,0xe0,0x70,0x00,0x00,0x00,0x00,0xbf,0xf4,0x00,0x00,
    0x00,0x00,0x00,0x00,0x00,0x00,0x00,0x00,0xa0,0x04,0x20,0x10,0x00,0x00,0x00,0x00,
    0x00,0x00,0x00,0x00,0x00,0x00,0xe0,0x70,0x1e,0x03,0xc0,0x00,0xbf,0xe4,0x00,0x00,
    0x00,0x00,0x00,0x00,0x00,0x00,0x00,0x00,0xe0,0x00,0x04,0x00,0x00,0x00,0x00,0x00,
    0x00,0x40,0x00,0x00,0x00,0x00,0x00,0x00,0x00,0x00,0x00,0x00,0x40,0x18,0x00,0x00,
    0x00,0x00,0x00,0x00,0x00,0x00,0x00,0x00,0x00,0x00,0x12,0x10,0x00,0x01,0x00,0x00,
    0x02,0xd0,0x00,0x00,0x00,0x00,0x00,0x00,0x00,0x00,0x00,0x00,0x18,0xe0,0x00,0x00,
    0x00,0x00,0x00,0x00,0x00,0x00,0x00,0x00,0xe0,0x08,0x0f,0x0f,0xff,0xfe,0xff,0xff,
    0xfb,0xf0,0x00,0x00,0x3c,0x00,0x00,0x00,0x0f,0x03,0xe0,0x40,0x10,0x60,0x00,0x00,
    0x00,0x00,0x00,0x00,0x00,0x00,0x00,0x00,0x40,0x03,0xfc,0xff,0xff,0xff,0xff,0xff,
    0xfc,0x10,0x00,0x00,0x00,0x00,0x70,0x38,0x00,0x00,0x00,0x00,0x07,0x00,0x00,0x00,
    0x00,0x00,0x00,0x00,0x00,0x00,0x00,0x00,0xa0,0x04,0x02,0x00,0x00,0x00,0x00,0x00,
    0x02,0x00,0x00,0x00,0x3c,0x00,0x70,0x38,0x0f,0x03,0xe0,0x40,0x00,0x00,0x00,0x00,
    0x00,0x00,0x00,0x00,0x00,0x00,0x00,0x00,0xe0,0x00,0x00,0x00,0x00,0x00,0x00,0x00,
    0x01,0x20,0x00,0x00,0x3c,0x00,0x00,0x00,0x00,0x00,0x00,0x00,0x1f,0xe0,0x00,0x00,
    0x00,0x00,0x00,0x00,0x00,0x00,0x00,0x00,0x80,0x00,0x08,0x00,0x00,0x08,0x40,0x00,
    0x04,0x80,0x00,0x00,0x7d,0x00,0x00,0x00,0x00,0x00,0x00,0x00,0x00,0x00,0x00,0x00,
    0x00,0x00,0x00,0x00,0x00,0x00,0x00,0x00,0x40,0x08,0x07,0x1f,0xff,0xe8,0xff,0xff,
    0xfb,0x70,0x00,0x00,0x83,0x80,0x00,0x00,0x0f,0x03,0xe0,0x40,0x00,0x00,0x00,0x00,
    0x00,0x00,0x00,0x00,0x00,0x00,0x00,0x00,0x60,0x03,0xec,0x5f,0xff,0xe0,0x3f,0xff,
    0xff,0x80,0x00,0x01,0x83,0x00,0x38,0x38,0x00,0x00,0x00,0x00,0x00,0x00,0x00,0x00,
    0x00,0x00,0x00,0x00,0x00,0x00,0x00,0x00,0x20,0x04,0x10,0x20,0x00,0x1f,0x40,0x00,
    0x00,0x00,0x00,0x01,0x7c,0x80,0x38,0x38,0x0f,0x03,0xe0,0x40,0x00,0x00,0x00,0x00,
    0x00,0x00,0x00,0x00,0x00,0x00,0x00,0x00,0x60,0x00,0x02,0x80,0x00,0x07,0x00,0x00,
    0x00,0x20,0x00,0x01,0xff,0x80,0x00,0x00,0x00,0x00,0x00,0x00,0x00,0x00,0x00,0x00,
    0x00,0x00,0x00,0x00,0x00,0x00,0x00,0x00,0xe0,0x00,0x01,0x80,0x00,0x3f,0xc0,0x00,
    0x00,0x58,0x00,0x07,0xff,0xc0,0x00,0x00,0x00,0x00,0x00,0x00,0x00,0x00,0x00,0x00,
    0x00,0x00,0x00,0x00,0x00,0x00,0x00,0x00,0x60,0x08,0x07,0x9f,0xff,0xb3,0x6f,0xff,
    0xff,0xf8,0x00,0x0e,0x90,0x60,0x00,0x00,0x0f,0x01,0xe0,0x00,0x00,0x00,0x00,0x00,
    0x00,0x00,0x00,0x00,0x00,0x00,0x00,0x00,0x60,0x03,0xf6,0x5f,0xff,0x97,0x4f,0xff,
    0xff,0x88,0x00,0x05,0xfc,0x40,0x1c,0x1c,0x00,0x00,0x00,0x00,0x00,0x00,0x00,0x00,
    0x00,0x00,0x00,0x00,0x00,0x00,0x00,0x00,0x00,0x04,0x09,0x20,0x00,0x6f,0x90,0x00,
    0x00,0x50,0x00,0x0b,0xff,0xa0,0x1c,0x1c,0x0f,0x01,0xe0,0x00,0x00,0x00,0x00,0x00,
    0x00,0x00,0x00,0x00,0x00,0x00,0x00,0x00,0x60,0x00,0x00,0x00,0x00,0x1f,0xc0,0x00,
    0x00,0x20,0x00,0x0f,0x9f,0xe0,0x00,0x00,0x00,0x00,0x00,0x00,0x00,0x00,0x00,0x00,
    0x00,0x00,0x00,0x00,0x00,0x00,0x00,0x00,0xa0,0x00,0x00,0xa0,0x00,0x3f,0xe0,0x00,
    0x00,0x08,0x00,0x0f,0xff,0x68,0x00,0x04,0x00,0x00,0x00,0x00,0x01,0xf0,0x00,0x00,
    0x00,0x00,0x00,0x00,0x00,0x00,0x00,0x00,0xa0,0x08,0x07,0x9f,0xff,0x00,0x17,0xff,
    0xff,0xf0,0x00,0x08,0x27,0xf8,0x00,0x04,0x07,0x81,0xe0,0x00,0x01,0xf0,0x00,0x00,
    0x00,0x00,0x00,0x00,0x00,0x00,0x00,0x00,0xa0,0x03,0xfe,0x7f,0xff,0x9f,0xc7,0xff,
    0xff,0x80,0x00,0x06,0xf7,0xe8,0x0c,0x1c,0x00,0x00,0x00,0x00,0x02,0x00,0x00,0x00,
    0x00,0x00,0x00,0x00,0x00,0x00,0x00,0x00,0x40,0x04,0x00,0x00,0x00,0x7f,0xe8,0x00,
    0x00,0x00,0x00,0x19,0x78,0x10,0x0c,0x1c,0x07,0x81,0xe0,0x00,0x02,0x00,0x00,0x00,
    0x00,0x00,0x00,0x00,0x00,0x00,0x00,0x00,0x60,0x00,0x01,0x00,0x00,0x60,0x20,0x00,
    0x00,0x70,0x00,0x1f,0xff,0xf0,0x00,0x00,0x00,0x00,0x00,0x00,0x01,0xf0,0x00,0x00,
    0x00,0x00,0x00,0x00,0x00,0x00,0x00,0x00,0x90,0x00,0x01,0x00,0x00,0x7f,0xf0,0x00,
    0x00,0x10,0x00,0x3f,0xa0,0x38,0x00,0x02,0x00,0x00,0x00,0x00,0x18,0x06,0x00,0x00,
    0x00,0x00,0x00,0x00,0x00,0x00,0x00,0x00,0xd8,0x08,0x02,0x3f,0xfe,0xc0,0x07,0xff,
    0xff,0xe8,0x00,0x60,0x7f,0xfc,0x00,0x02,0x07,0x81,0xf0,0x00,0x11,0xf2,0x00,0x00,
    0x00,0x00,0x00,0x00,0x00,0x00,0x00,0x00,0x90,0x03,0x3b,0x3f,0xff,0xff,0xe7,0xff,
    0xff,0xe0,0x00,0x21,0x7f,0xc8,0x06,0x0e,0x00,0x00,0x00,0x00,0x07,0xf8,0x00,0x00,
    0x00,0x00,0x00,0x00,0x00,0x00,0x00,0x00,0x68,0x04,0x04,0x40,0x00,0x7f,0xf8,0x00,
    0x00,0x10,0x00,0x5e,0x80,0x34,0x06,0x0e,0x07,0x81,0xf0,0x00,0x01,0xf0,0x00,0x00,
    0x00,0x00,0x00,0x00,0x00,0x00,0x00,0x00,0x78,0x00,0xc0,0x80,0x00,0xc0,0x18,0x00,
    0x00,0x00,0x00,0x7f,0xff,0xfc,0x00,0x00,0x00,0x00,0x00,0x00,0x1e,0x0e,0x00,0x00,
    0x00,0x00,0x00,0x00,0x00,0x00,0x00,0x01,0x5c,0x08,0x02,0x00,0x00,0xff,0xfc,0x00,
    0x00,0x10,0x00,0x3e,0x80,0x00,0x00,0x00,0x00,0x00,0x00,0x00,0x60,0x01,0x00,0x00,
    0x00,0x00,0x00,0x00,0x00,0x00,0x00,0x00,0xe8,0x00,0xe1,0x3f,0xfd,0x80,0x0f,0xff,
    0xff,0xe8,0x00,0xc9,0xf1,0xbe,0x00,0x00,0x07,0x81,0xf0,0x00,0x5c,0x1e,0x00,0x00,
    0x00,0x00,0x00,0x00,0x00,0x00,0x00,0x00,0x78,0x06,0x0f,0x3f,0xff,0xff,0xfb,0xff,
    0xff,0xe0,0x00,0x41,0xf0,0x3c,0x06,0x0e,0x00,0x00,0x00,0x00,0x1f,0xfe,0x80,0x00,
    0x00,0x00,0x00,0x00,0x00,0x00,0x00,0x00,0x90,0x00,0x00,0xc0,0x00,0xff,0xf4,0x00,
    0x00,0x10,0x00,0xbe,0x0e,0x42,0x06,0x0e,0x07,0x81,0xf0,0x00,0x1c,0x1e,0x80,0x00,
    0x00,0x00,0x00,0x00,0x00,0x00,0x00,0x00,0xf8,0x01,0x10,0x00,0x01,0x80,0x08,0x00,
    0x00,0x00,0x00,0xff,0xfe,0x7e,0x00,0x00,0x00,0x00,0x00,0x00,0x63,0xe1,0x00,0x00,
    0x00,0x00,0x00,0x00,0x00,0x00,0x00,0x00,0x30,0x08,0x28,0x00,0x01,0xff,0xfa,0x00,
    0x06,0x18,0x00,0xfe,0x4c,0xa0,0x00,0x00,0x00,0x00,0x00,0x00,0x9f,0xc0,0x80,0x00,
    0x00,0x00,0x00,0x00,0x00,0x00,0x00,0x01,0x2c,0x08,0xf9,0x3f,0xfb,0x00,0x09,0xff,
    0xf9,0xe8,0x00,0xf7,0xcf,0x9c,0x00,0x00,0x07,0x81,0xf0,0x00,0x60,0x03,0x00,0x00,
    0x00,0x00,0x00,0x00,0x00,0x00,0x00,0x00,0x28,0x0c,0x05,0x3f,0xfb,0xff,0xfb,0xff,
    0xff,0xe0,0x00,0x03,0xc0,0x0c,0x07,0x0e,0x00,0x00,0x00,0x01,0x76,0x3f,0x40,0x00,
    0x00,0x00,0x00,0x00,0x00,0x00,0x00,0x01,0xd4,0x02,0x22,0xc0,0x05,0xff,0xfc,0x00,
    0x00,0x18,0x01,0xfc,0x3c,0xd2,0x07,0x0e,0x07,0x81,0xf0,0x01,0x68,0x03,0x40,0x00,
    0x00,0x00,0x00,0x00,0x00,0x00,0x00,0x01,0xfc,0x01,0x40,0x00,0x03,0x00,0x0c,0x00,
    0x00,0x00,0x01,0xff,0xf3,0x5e,0x00,0x00,0x00,0x00,0x00,0x00,0x9f,0xfc,0x80,0x00,
    0x00,0x00,0x00,0x00,0x00,0x00,0x00,0x00,0x38,0x0c,0x24,0x00,0x0f,0xff,0xfe,0x00,
    0x08,0x18,0x01,0xf5,0x40,0x30,0x00,0x01,0x00,0x00,0x00,0x02,0x37,0x3e,0x00,0x00,
    0x00,0x00,0x00,0x00,0x00,0x00,0x00,0x01,0x34,0x0c,0x9d,0x3f,0xf6,0x00,0x07,0xff,
    0xfa,0xe8,0x01,0xff,0x7f,0xef,0x00,0x01,0x07,0x80,0xf0,0x02,0x9f,0xe5,0x80,0x00,
    0x00,0x00,0x00,0x00,0x00,0x00,0x00,0x00,0x20,0x09,0x41,0x3f,0xfb,0xff,0xfd,0xff,
    0xf1,0xe0,0x00,0x0f,0x1f,0xc6,0x03,0x07,0x00,0x00,0x00,0x01,0xdf,0xd9,0xc0,0x00,
    0x00,0x00,0x00,0x00,0x00,0x00,0x00,0x01,0xdc,0x06,0x22,0xc0,0x07,0xff,0xfa,0x00,
    0x0c,0x18,0x03,0xf0,0xc0,0x21,0x03,0x07,0x07,0x80,0xf0,0x00,0x80,0x21,0x80,0x00,
    0x00,0x00,0x00,0x00,0x00,0x00,0x00,0x01,0xfc,0x00,0x10,0x00,0x02,0x00,0x04,0x00,
    0x04,0x00,0x03,0xff,0xa0,0x07,0x00,0x00,0x00,0x00,0x00,0x03,0x7f,0xfe,0x40,0x00,
    0x00,0x00,0x00,0x00,0x00,0x00,0x00,0x00,0x20,0x08,0xc4,0x40,0x0f,0xff,0xfc,0x00,
    0x1e,0x18,0x03,0xf1,0x79,0xa0,0x00,0x01,0x00,0x00,0x00,0x04,0x71,0xe3,0xa0,0x00,
    0x00,0x00,0x00,0x00,0x00,0x00,0x00,0x01,0x3f,0xb4,0xfd,0x3f,0xf8,0x00,0x01,0xff,
    0xfd,0xe8,0x03,0xfd,0x86,0x4e,0x00,0x01,0x03,0xc0,0xf0,0x07,0x3f,0xe3,0x60,0x00,
    0x00,0x00,0x00,0x00,0x00,0x00,0x00,0x00,0x38,0x01,0x31,0x7f,0xf3,0xff,0xf9,0xff,
    0xec,0xe0,0x00,0x1c,0x00,0x42,0x03,0x07,0x00,0x00,0x00,0x03,0x9f,0xe2,0xc0,0x00,
    0x00,0x00,0x00,0x00,0x00,0x00,0x00,0x01,0xc7,0xf2,0x00,0x80,0x0f,0xff,0xfe,0x00,
    0x16,0x18,0x07,0xe3,0x7f,0xb1,0x03,0x07,0x03,0xc0,0xf0,0x03,0x20,0x1d,0xc0,0x00,
    0x00,0x00,0x00,0x00,0x00,0x00,0x00,0x01,0xff,0xf0,0x0a,0x00,0x04,0x00,0x06,0x00,
    0x0e,0x00,0x07,0xfe,0x80,0x13,0x00,0x00,0x00,0x00,0x00,0x04,0xff,0xff,0xa0,0x00,
    0x00,0x00,0x00,0x00,0x00,0x00,0x00,0x00,0x00,0x48,0x22,0x40,0x17,0xff,0xfd,0x00,
    0x1f,0x18,0x07,0xa9,0xe6,0x60,0x00,0x01,0x00,0x00,0x00,0x08,0xf7,0x37,0x40,0x00,
    0x00,0x00,0x00,0x00,0x00,0x00,0x00,0x01,0x4e,0x7c,0x5e,0x3f,0xec,0x00,0x04,0xff,
    0xd9,0xe8,0x07,0xfa,0x16,0x9f,0x00,0x01,0x03,0xc0,0xf0,0x0e,0x38,0xff,0x20,0x00,
    0x00,0x00,0x00,0x00,0x00,0x00,0x00,0x00,0x00,0x7b,0x3c,0x7f,0xff,0xff,0xfd,0xff,
    0xff,0x60,0x00,0x78,0x09,0x03,0x03,0x07,0x00,0x00,0x00,0x07,0x10,0x0f,0x30,0x00,
    0x00,0x00,0x00,0x00,0x00,0x00,0x00,0x01,0xff,0x80,0x03,0x80,0x07,0xff,0xfe,0x00,
    0x0e,0x18,0x0f,0x85,0xf9,0xe0,0x03,0x07,0x03,0xc0,0xf0,0x06,0x27,0x30,0xf0,0x00,
    0x00,0x00,0x00,0x00,0x00,0x00,0x00,0x01,0xff,0xf8,0x80,0x00,0x0c,0x00,0x06,0x00,
    0x19,0x80,0x0f,0xfe,0x06,0x13,0x00,0x00,0x00,0x00,0x00,0x09,0xf8,0xcf,0xc0,0x00,
    0x00,0x00,0x00,0x00,0x00,0x00,0x00,0x01,0x1a,0x1a,0x20,0x00,0x1f,0xff,0xfe,0x00,
    0x5f,0x18,0x0f,0x4f,0x2f,0x40,0x80,0x01,0x00,0x00,0x00,0x01,0xc7,0xf6,0x50,0x00,
    0x00,0x00,0x00,0x00,0x00,0x00,0x00,0x00,0xdf,0xde,0x7e,0x7f,0xf0,0x00,0x02,0xff,
    0x81,0x68,0x0f,0xe8,0xdf,0xb9,0x00,0x01,0x03,0xc0,0xf0,0x0c,0x78,0x0e,0x70,0x00,
    0x00,0x00,0x00,0x00,0x00,0x00,0x00,0x00,0x1e,0x18,0x9e,0x7f,0xe7,0xff,0xfe,0xff,
    0xdf,0xe0,0x00,0xe0,0x00,0x01,0x03,0x87,0x00,0x00,0x00,0x1e,0x30,0x00,0x20,0x00,
    0x00,0x00,0x00,0x00,0x00,0x00,0x00,0x00,0xe1,0xe7,0x21,0x80,0x1f,0xff,0xfd,0x00,
    0x3e,0x18,0x1f,0x1f,0xf0,0xf6,0x03,0x87,0x03,0xc0,0xf0,0x1c,0x07,0xf7,0xe0,0x00,
    0x00,0x00,0x00,0x00,0x00,0x00,0x00,0x00,0xff,0xfc,0x00,0x00,0x08,0x00,0x02,0x00,
    0x31,0x00,0x1f,0xf0,0x0f,0x07,0x00,0x00,0x00,0x00,0x00,0x03,0xf8,0x09,0xd0,0x00,
    0x00,0x00,0x00,0x00,0x00,0x00,0x00,0x01,0x03,0x18,0x40,0x00,0x3f,0xff,0xfe,0x00,
    0x5f,0x90,0x0e,0x9e,0x1f,0x40,0x00,0x00,0x00,0x00,0x00,0x03,0xe7,0xc2,0x40,0x00,
    0x00,0x00,0x00,0x00,0x00,0x00,0x00,0x01,0x7e,0xfe,0x7e,0x7f,0xd8,0x00,0x02,0xff,
    0xe0,0xe0,0x3f,0xd1,0xff,0x3b,0x80,0x00,0x03,0xc0,0xf0,0x08,0x38,0x32,0xa0,0x80,
    0x00,0x00,0x00,0x00,0x00,0x00,0x00,0x01,0x7c,0x98,0x9e,0x7f,0xef,0xff,0xe7,0xff,
    0xbe,0x60,0x11,0xc0,0x10,0x81,0x01,0x87,0x00,0x00,0x00,0x1c,0x78,0x2c,0x70,0x00,
    0x00,0x00,0x00,0x00,0x00,0x00,0x00,0x00,0x83,0x65,0x01,0x80,0x1f,0xff,0xfc,0x00,
    0x5f,0x98,0x2e,0x3f,0xf0,0xf4,0x81,0x87,0x03,0xc0,0xf0,0x08,0x07,0xc3,0xa0,0x80,
    0x00,0x00,0x00,0x00,0x00,0x00,0x00,0x00,0xff,0xfc,0x00,0x00,0x08,0x00,0x1a,0x00,
    0x21,0x08,0x3f,0xe0,0x0f,0x05,0x80,0x00,0x00,0x00,0x00,0x17,0xf0,0x11,0xd0,0x00,
    0x00,0x00,0x00,0x00,0x00,0x00,0x00,0x02,0x00,0x82,0x10,0x00,0x0f,0xff,0xdc,0x00,
    0xbf,0x90,0x1d,0x38,0x0f,0x00,0x00,0x00,0x00,0x00,0x00,0x23,0xf0,0x1b,0x40,0x00,
    0x00,0x00,0x00,0x00,0x00,0x00,0x00,0x02,0xff,0x74,0x2e,0x7f,0xd0,0x00,0x5e,0xff,
    0x20,0xe8,0x7f,0xa7,0xef,0x7b,0x80,0x00,0x03,0xc0,0xf0,0x38,0xff,0xdb,0x50,0xc0,
    0x00,0x00,0x00,0x00,0x00,0x00,0x00,0x02,0xff,0x41,0x9e,0x7f,0xdf,0xff,0xff,0xff,
    0xbe,0x60,0x23,0x80,0x10,0x81,0x01,0x87,0x00,0x00,0x00,0x1c,0x2f,0xa5,0x38,0x00,
    0x00,0x00,0x00,0x00,0x00,0x00,0x00,0x01,0x00,0xbc,0x01,0x80,0x2f,0xff,0xe0,0x00,
    0x7f,0x90,0x5c,0x7f,0xf0,0xf4,0x81,0x87,0x03,0xc0,0xf0,0x18,0x50,0x1a,0x98,0xc0,
    0x00,0x00,0x00,0x00,0x00,0x00,0x00,0x01,0xff,0xfc,0x40,0x00,0x10,0x00,0x66,0x00,
    0x61,0x00,0x7f,0xc0,0x0f,0x05,0x80,0x00,0x00,0x00,0x00,0x27,0xe0,0x41,0xe0,0x00,
    0x00,0x00,0x00,0x00,0x00,0x00,0x00,0x04,0x00,0x72,0x10,0x00,0x1f,0xff,0xbe,0x00,
    0xff,0x88,0xce,0x60,0x0f,0x00,0x00,0x00,0x00,0x00,0x00,0x07,0xf0,0x7e,0xc8,0x00,
    0x00,0x00,0x00,0x00,0x00,0x00,0x00,0x05,0xff,0xad,0x3e,0x7f,0xc0,0x00,0xba,0xff,
    0x80,0xf0,0x7f,0x5f,0x2f,0x7b,0x80,0x00,0x03,0xc0,0xf0,0x11,0xff,0xfe,0x98,0x40,
    0x00,0x00,0x00,0x00,0x00,0x00,0x00,0x05,0xff,0xe0,0xce,0x7f,0xcf,0xff,0xfb,0xff,
    0x3e,0x60,0x73,0x00,0xd0,0x81,0x01,0x87,0x00,0x00,0x00,0x38,0x2e,0x00,0xb0,0x00,
    0x00,0x00,0x00,0x00,0x00,0x00,0x00,0x02,0x00,0x48,0x11,0x80,0x1f,0xff,0xc0,0x00,
    0xff,0x80,0x0c,0xff,0x30,0xf4,0x81,0x87,0x03,0xc0,0xf0,0x10,0x50,0x7f,0x10,0x40,
    0x00,0x00,0x00,0x00,0x00,0x00,0x00,0x03,0xff,0xe8,0x00,0x00,0x30,0x00,0xc2,0x00,
    0x41,0x10,0x7f,0x80,0xcf,0x05,0x80,0x00,0x00,0x00,0x00,0x2f,0xe1,0x81,0xe8,0x00,
    0x00,0x00,0x00,0x00,0x00,0x00,0x00,0x00,0x00,0x63,0xa0,0x40,0x3f,0xff,0xe8,0x00,
    0x7f,0x88,0x04,0x80,0xdf,0x10,0x00,0x00,0x00,0x00,0x00,0x47,0xa0,0xfc,0xc8,0x00,
    0x00,0x00,0x00,0x00,0x00,0x00,0x00,0x07,0xb3,0xdd,0xbe,0x3f,0xe0,0x00,0xf7,0xfe,
    0x40,0xf0,0x7e,0xff,0x1f,0x6b,0x80,0x00,0x03,0xc0,0xf0,0x71,0xfe,0xfc,0x99,0x20,
    0x00,0x00,0x00,0x00,0x00,0x00,0x00,0x03,0x83,0x81,0x0e,0x7f,0xdf,0xff,0xe0,0xfe,
    0x7e,0x60,0x7e,0x00,0xf0,0x81,0x01,0x87,0x00,0x00,0x00,0x38,0x61,0x00,0x30,0x00,
    0x00,0x00,0x00,0x00,0x00,0x00,0x00,0x04,0x4c,0x78,0x41,0x80,0x3f,0xff,0x1e,0x01,
    0xff,0x80,0x81,0xff,0xf0,0xf4,0x81,0x87,0x03,0xc0,0xf0,0x30,0x00,0xff,0x91,0x20,
    0x00,0x00,0x00,0x00,0x00,0x00,0x00,0x07,0xcf,0xf8,0x00,0x00,0x10,0x00,0x9f,0x00,
    0xc1,0x10,0xff,0x00,0x0f,0x05,0x80,0x00,0x00,0x00,0x00,0x4f,0xfe,0x03,0xe8,0x00,
    0x00,0x00,0x00,0x00,0x00,0x00,0x00,0x09,0x04,0x31,0x80,0x40,0x7f,0xff,0xfa,0x01,
    0xff,0x10,0xc9,0x81,0xef,0x90,0x80,0x00,0x00,0x00,0x00,0x47,0xc3,0xfc,0xc0,0x00,
    0x00,0x00,0x00,0x00,0x00,0x00,0x00,0x07,0xfb,0xde,0x1e,0x3f,0xb0,0x00,0xe5,0xff,
    0x18,0x71,0xfd,0x7f,0x1f,0xc9,0x00,0x00,0x07,0x80,0xf0,0x31,0xfb,0xfd,0x10,0xa0,
    0x00,0x00,0x00,0x00,0x00,0x00,0x00,0x07,0x01,0xd0,0x26,0x7f,0xdf,0xfe,0xec,0xfe,
    0x7a,0xe0,0xfc,0x00,0xc0,0xa1,0x03,0x87,0x00,0x00,0x00,0x38,0x64,0x00,0xb8,0x00,
    0x00,0x00,0x00,0x00,0x00,0x00,0x00,0x00,0x00,0x2e,0x01,0x80,0x3f,0xff,0x18,0x01,
    0xf7,0x11,0x03,0xfe,0xd0,0xf6,0x03,0x87,0x07,0x80,0xf0,0x30,0x03,0xfb,0x18,0xa0,
    0x00,0x00,0x00,0x00,0x00,0x00,0x00,0x07,0x01,0xfe,0x48,0x00,0x10,0x01,0x15,0x00,
    0x9d,0x01,0xfe,0x01,0x2f,0x07,0x00,0x00,0x00,0x00,0x00,0x4f,0xf8,0x03,0xe0,0x00,
    0x00,0x00,0x00,0x00,0x00,0x00,0x00,0x00,0x78,0x20,0xe9,0x40,0x7f,0xfe,0xff,0x00,
    0xee,0x20,0xd9,0x10,0xc6,0x11,0x00,0x00,0x00,0x00,0x00,0x0f,0xcf,0xfc,0xc0,0x00,
    0x00,0x00,0x00,0x00,0x00,0x00,0x00,0x05,0xff,0xff,0xbe,0x3f,0xb0,0x02,0xf0,0xfc,
    0xad,0xd0,0xfc,0xdf,0x36,0xd9,0x00,0x00,0x07,0x80,0xf0,0x23,0xef,0xfc,0x92,0xa0,
    0x00,0x00,0x00,0x00,0x00,0x00,0x00,0x04,0x00,0xd0,0x87,0x7f,0xdf,0xff,0xf9,0xfc,
    0xff,0x40,0xfc,0x21,0xe9,0x21,0x03,0x87,0x00,0x00,0x00,0x70,0x70,0x00,0x38,0x00,
    0x00,0x00,0x00,0x00,0x00,0x00,0x00,0x0a,0x00,0x2f,0x00,0x80,0x3f,0xff,0x1c,0x03,
    0xf2,0x21,0x03,0xcf,0xf9,0xf6,0x03,0x87,0x07,0x80,0xf0,0x20,0x8f,0xfb,0x1a,0xa0,
    0x00,0x00,0x00,0x00,0x00,0x00,0x00,0x0e,0x00,0xff,0x00,0x00,0x10,0x03,0x14,0x01,
    0xb3,0x81,0xfe,0x30,0x06,0x07,0x00,0x00,0x00,0x00,0x00,0x5f,0xe0,0x03,0xe0,0x00,
    0x00,0x00,0x00,0x00,0x00,0x00,0x00,0x04,0xfc,0x00,0xe1,0x40,0x7f,0xff,0xfc,0x03,
    0xd2,0x11,0xf2,0x21,0x32,0x10,0x00,0x00,0x00,0x00,0x00,0x0f,0xdf,0xf9,0xc0,0x00,
    0x00,0x00,0x00,0x00,0x00,0x00,0x00,0x1f,0xff,0x7f,0x1e,0x3f,0xb0,0x01,0xe7,0xfe,
    0x3d,0xe3,0xf9,0x9c,0x9f,0xd0,0x00,0x00,0x07,0x80,0xf0,0x22,0xdf,0xf9,0x82,0xa0,
    0x00,0x00,0x00,0x00,0x00,0x00,0x00,0x0c,0x10,0x70,0x03,0x7f,0xdf,0xfd,0xfd,0xfc,
    0xf1,0x41,0xf8,0x73,0xe2,0x20,0x03,0x07,0x00,0x00,0x00,0x70,0x40,0x01,0x30,0x00,
    0x00,0x00,0x00,0x00,0x00,0x00,0x00,0x10,0x38,0x8f,0x00,0x80,0x3f,0xfe,0x18,0x03,
    0xce,0x02,0x07,0xff,0xaf,0xff,0x03,0x07,0x07,0x80,0xf0,0x20,0xa0,0x06,0x02,0xa0,
    0x00,0x00,0x00,0x00,0x00,0x00,0x00,0x1c,0x00,0xff,0x04,0x00,0x10,0x02,0x14,0x01,
    0x2f,0xa3,0xfc,0x00,0x50,0x0f,0x00,0x00,0x00,0x00,0x00,0x5f,0xe0,0x07,0xf0,0x00,
    0x00,0x00,0x00,0x00,0x00,0x00,0x00,0x01,0xce,0x01,0xfd,0x00,0x7f,0xff,0xfe,0x05,
    0xde,0x25,0xe4,0x1b,0x20,0x02,0x00,0x04,0x00,0x00,0x00,0x07,0xf0,0xf9,0xd0,0x00,
    0x00,0x00,0x00,0x00,0x00,0x00,0x00,0x0f,0xff,0xf6,0x1e,0x3f,0xb0,0x03,0xff,0xf9,
    0x73,0xe5,0xf7,0xec,0x1f,0xb2,0x00,0x04,0x07,0x80,0xf0,0x61,0xf8,0xfb,0xa0,0x20,
    0x00,0x00,0x00,0x00,0x00,0x00,0x00,0x08,0x10,0x70,0x1b,0x3f,0xdf,0xff,0xfd,0xfd,
    0xdb,0xc5,0xf0,0x31,0xf0,0x42,0x03,0x06,0x00,0x00,0x00,0x78,0xf8,0x00,0x20,0x00,
    0x00,0x00,0x00,0x00,0x00,0x00,0x00,0x14,0x18,0x0e,0x04,0xc0,0x3f,0xfc,0x00,0x03,
    0xec,0x22,0x0f,0xf5,0xff,0xed,0x03,0x06,0x07,0x80,0xf0,0x60,0x07,0x07,0x20,0x20,
    0x00,0x00,0x00,0x00,0x00,0x00,0x00,0x1c,0x28,0x7e,0x00,0x00,0x10,0x02,0x18,0x03,
    0x6f,0x03,0xf8,0x0a,0x00,0x0f,0x00,0x00,0x00,0x00,0x00,0x1f,0xff,0x07,0xd0,0x00,
    0x00,0x00,0x00,0x00,0x00,0x00,0x00,0x23,0xb6,0x45,0xfd,0x00,0x3f,0xfd,0xfc,0x01,
    0xef,0x03,0xe4,0x30,0x10,0x2a,0x00,0x04,0x00,0x00,0x00,0x07,0xff,0xc5,0xd0,0x00,
    0x00,0x00,0x00,0x00,0x00,0x00,0x00,0x17,0xa7,0xf2,0xc8,0x3f,0xf0,0x06,0xfd,0xfa,
    0x63,0xe7,0xf3,0xe7,0x67,0xbb,0x00,0x04,0x07,0x81,0xe0,0x61,0xff,0xc6,0x31,0x60,
    0x00,0x00,0x00,0x00,0x00,0x00,0x00,0x10,0x38,0x70,0xc9,0x3f,0xdf,0xfc,0xff,0xff,
    0xfa,0x83,0xf0,0x1b,0xb8,0x42,0x03,0x0e,0x00,0x00,0x00,0x79,0xff,0xc5,0x20,0x00,
    0x00,0x00,0x00,0x00,0x00,0x00,0x00,0x09,0xb4,0x0a,0x02,0xc0,0x3f,0xfe,0x00,0x01,
    0x9d,0x04,0x0f,0xd7,0xff,0xed,0x03,0x0e,0x07,0x81,0xe0,0x62,0x00,0x3a,0x21,0x60,
    0x00,0x00,0x00,0x00,0x00,0x00,0x00,0x18,0x48,0x7a,0x00,0x00,0x10,0x06,0x00,0x02,
    0x56,0x47,0xf8,0x28,0x00,0x27,0x00,0x00,0x00,0x00,0x00,0x1f,0xff,0xff,0xd0,0x00,
    0x00,0x00,0x00,0x00,0x00,0x00,0x00,0x12,0xaf,0x45,0xff,0x20,0xff,0xfd,0xfe,0x07,
    0xac,0x6b,0x80,0x0f,0x38,0x22,0x00,0x00,0x00,0x00,0x00,0x0b,0x01,0xf9,0xa0,0x00,
    0x00,0x00,0x00,0x00,0x00,0x00,0x00,0x1f,0x97,0xf2,0x5e,0x1f,0x20,0x03,0xf9,0xfc,
    0xe4,0xeb,0xaf,0xf0,0x0f,0x32,0x00,0x00,0x0f,0x01,0xe0,0x37,0x71,0xf9,0x02,0x40,
    0x00,0x00,0x00,0x00,0x00,0x00,0x00,0x11,0x5c,0x70,0x5d,0x3f,0xcf,0xf9,0xfb,0xfb,
    0xbd,0xab,0xa0,0x1a,0xf0,0xc2,0x07,0x0e,0x00,0x00,0x00,0x7f,0x0d,0xf8,0x40,0x00,
    0x00,0x00,0x00,0x00,0x00,0x00,0x00,0x23,0x9c,0x0a,0x00,0xc0,0x3f,0xfc,0x00,0x03,
    0xda,0x44,0x57,0xfa,0xb7,0xec,0x07,0x0e,0x0f,0x01,0xe0,0x38,0xfe,0x06,0x02,0x40,
    0x00,0x00,0x00,0x00,0x00,0x00,0x00,0x30,0xa0,0x7a,0x00,0x00,0x10,0x04,0x00,0x02,
    0xd6,0x07,0xf8,0x05,0x48,0x0e,0x00,0x00,0x00,0x00,0x00,0x4f,0xff,0xff,0xe0,0x00,
    0x00,0x00,0x00,0x00,0x00,0x00,0x00,0x66,0x9b,0x00,0xfe,0x00,0x0f,0xf9,0xfc,0x07,
    0xf8,0x07,0xf0,0x1e,0x40,0x00,0x00,0x04,0x00,0x00,0x00,0x5a,0x00,0x1d,0x20,0x00,
    0x00,0x00,0x00,0x00,0x00,0x00,0x00,0x6e,0x7b,0xb5,0x14,0x1f,0xb0,0x07,0xff,0xf4,
    0x7d,0xcf,0xff,0xf0,0xaf,0x60,0x00,0x04,0x0f,0x01,0xe0,0x2e,0x7f,0xda,0x20,0x80,
    0x00,0x00,0x00,0x00,0x00,0x00,0x00,0x61,0x34,0x30,0x15,0x1e,0x9f,0xfd,0xfb,0xf7,
    0x79,0x07,0xe0,0x0f,0xf0,0x80,0x06,0x0c,0x00,0x00,0x00,0x2e,0x80,0x3a,0xc0,0x00,
    0x00,0x00,0x00,0x00,0x00,0x00,0x00,0x12,0x32,0x4f,0x00,0xe0,0x4f,0xf8,0x00,0x0b,
    0x86,0x08,0x1f,0xee,0xff,0xde,0x06,0x0c,0x0f,0x01,0xe0,0x31,0xff,0xe0,0x00,0x80,
    0x00,0x00,0x00,0x00,0x00,0x00,0x00,0x31,0xcc,0x7f,0x00,0x01,0xd0,0x04,0x00,0x04,
    0x8e,0x8f,0xe0,0x11,0x00,0x1e,0x00,0x00,0x00,0x00,0x00,0x5f,0xff,0xfb,0xe0,0x00,
    0x00,0x00,0x00,0x00,0x00,0x00,0x00,0x0f,0xcf,0x00,0x7e,0x15,0xff,0xff,0xf8,0x0f,
    0x7a,0x87,0x10,0x0f,0xc1,0x04,0x00,0x04,0x00,0x00,0x00,0x6f,0xb0,0x27,0x40,0x00,
    0x00,0x00,0x00,0x00,0x00,0x00,0x00,0x7f,0x73,0xb5,0x93,0x0a,0xd8,0x07,0xf3,0xf8,
    0x7f,0x87,0x4f,0xe0,0x7f,0x66,0x00,0x04,0x1f,0x01,0xe0,0x50,0x73,0xae,0x03,0x00,
    0x00,0x00,0x00,0x00,0x00,0x00,0x00,0x21,0xac,0x30,0x12,0x1c,0xdf,0xfd,0xf7,0xf3,
    0x79,0x07,0x40,0x1f,0x81,0x84,0x0e,0x1c,0x00,0x00,0x00,0x00,0x74,0x24,0x80,0x00,
    0x00,0x00,0x00,0x00,0x00,0x00,0x00,0x41,0xa6,0x4f,0x80,0xe1,0xef,0xf8,0x00,0x0f,
    0x86,0x88,0xbf,0xff,0xbf,0x9a,0x0e,0x1c,0x1f,0x01,0xe0,0x3f,0x8f,0xd8,0x03,0x00,
    0x00,0x00,0x00,0x00,0x00,0x00,0x00,0x60,0x5a,0x7f,0x80,0x03,0xf8,0x04,0x00,0x04,
    0x84,0x0f,0xe0,0x00,0x40,0x5e,0x00,0x00,0x00,0x00,0x00,0x7f,0xff,0xff,0xc0,0x00,
    0x00,0x00,0x00,0x00,0x00,0x00,0x00,0x2f,0x4f,0x00,0x97,0x83,0xff,0xff,0xf0,0x1f,
    0x7c,0x9f,0xe0,0x06,0x00,0x80,0x00,0x00,0x00,0x00,0x00,0x31,0xfd,0xce,0x00,0x00,
    0x00,0x00,0x00,0x00,0x00,0x00,0x00,0x3f,0x23,0xb5,0x79,0x8e,0x18,0x07,0xff,0xed,
    0xf9,0x0f,0xff,0xe8,0x7e,0x80,0x00,0x00,0x1e,0x03,0xc0,0x1d,0x87,0xfc,0x00,0x00,
    0x00,0x00,0x00,0x00,0x00,0x00,0x00,0x20,0xfc,0x30,0x11,0x0d,0xff,0xfd,0xf7,0xf7,
    0x7a,0x0f,0xc0,0x1f,0x81,0x80,0x0c,0x18,0x00,0x00,0x00,0x31,0x83,0xc1,0xc0,0x00,
    0x00,0x00,0x00,0x00,0x00,0x00,0x00,0x41,0x6a,0x4f,0x68,0x73,0xff,0xf8,0x00,0x0f,
    0x80,0x00,0x3f,0xfe,0xff,0xfc,0x0c,0x18,0x1e,0x03,0xc0,0x2e,0x7c,0x38,0x40,0x00,
    0x00,0x00,0x00,0x00,0x00,0x00,0x00,0x60,0x94,0x7f,0x68,0x02,0x18,0x04,0x00,0x05,
    0x81,0x0f,0xc0,0x01,0x00,0x7c,0x00,0x00,0x00,0x00,0x00,0x3f,0xff,0xff,0x80,0x00,
    0x00,0x00,0x00,0x00,0x00,0x00,0x00,0x8e,0xef,0x10,0x97,0x83,0xff,0xff,0xf0,0x0f,
    0xfa,0x0c,0x20,0x1c,0x01,0x08,0x00,0x00,0x10,0x00,0x00,0x2d,0x0c,0xbc,0x00,0x00,
    0x00,0x00,0x00,0x00,0x00,0x00,0x00,0x9e,0x8f,0xbf,0x6b,0x8e,0x00,0x06,0xef,0xe8,
    0x7d,0x1e,0x9f,0x83,0xfd,0xec,0x00,0x00,0x1e,0x03,0x80,0x33,0xef,0xe0,0x00,0x00,
    0x00,0x00,0x00,0x00,0x00,0x00,0x00,0x80,0xf0,0x30,0x03,0x8f,0xff,0xfc,0xe7,0xfe,
    0x7a,0x0e,0x80,0x7e,0x02,0x28,0x18,0x38,0x10,0x00,0x00,0x1b,0x0f,0xb3,0x80,0x00,
    0x00,0x00,0x00,0x00,0x00,0x00,0x00,0x60,0xec,0x4f,0x68,0x33,0xff,0xfa,0x00,0x07,
    0x00,0x11,0x7f,0xdf,0xfe,0x14,0x18,0x38,0x1e,0x03,0x80,0x1c,0xf0,0x40,0x80,0x00,
    0x00,0x00,0x00,0x00,0x00,0x00,0x00,0x61,0x18,0x7f,0x68,0x40,0x00,0x04,0x08,0x09,
    0x00,0x1f,0xc0,0x20,0x01,0xbc,0x00,0x00,0x00,0x00,0x00,0x2f,0xff,0xff,0x00,0x00,
    0x00,0x00,0x00,0x00,0x00,0x00,0x00,0x8d,0x47,0x50,0x9f,0xce,0xff,0xfc,0xf0,0x1e,
    0xf9,0x0e,0x00,0xfe,0x03,0x08,0x00,0x00,0x38,0x00,0x00,0x10,0xf0,0x7a,0x00,0x00,
    0x00,0x00,0x00,0x00,0x00,0x00,0x00,0x7d,0x17,0xff,0x67,0x83,0x00,0x07,0xdf,0xf1,
    0x78,0x1e,0xbf,0x80,0xff,0x08,0x00,0x00,0x3c,0x00,0x00,0x0e,0xb7,0xe0,0x00,0x00,
    0x00,0x00,0x00,0x00,0x00,0x00,0x00,0x40,0xe0,0x70,0x07,0xaf,0xff,0xfc,0xcf,0xe7,
    0x7e,0x0e,0x80,0x7f,0x01,0x08,0x30,0x70,0x38,0x00,0x00,0x0f,0x50,0x05,0x00,0x00,
    0x00,0x00,0x00,0x00,0x00,0x00,0x00,0x01,0x40,0x0f,0x60,0x13,0xff,0xf8,0x10,0x1e,
    0x00,0x11,0x7f,0x7f,0xfd,0xf0,0x30,0x70,0x3c,0x00,0x00,0x0e,0x2f,0xc1,0x00,0x00,
    0x00,0x00,0x00,0x00,0x00,0x00,0x00,0x43,0xb8,0x7f,0x60,0x00,0x00,0x06,0x00,0x09,
    0x00,0x1f,0xc0,0x80,0x02,0xf8,0x00,0x00,0x00,0x00,0x00,0x11,0xff,0xfe,0x00,0x00,
    0x00,0x00,0x00,0x00,0x00,0x00,0x00,0x1f,0xce,0x40,0x98,0x44,0xff,0xfb,0x60,0x1e,
    0x70,0x0d,0xc2,0xaa,0x01,0x10,0x00,0x00,0x7c,0x00,0x00,0x08,0x1f,0xe4,0x00,0x00,
    0x00,0x00,0x00,0x00,0x00,0x00,0x00,0xfc,0x3f,0xef,0x74,0xa3,0x00,0x07,0xbf,0xf9,
    0xfe,0x0d,0xff,0x70,0xf9,0x58,0x00,0x00,0x7c,0x00,0x00,0x07,0x0d,0x04,0x00,0x00,
    0x00,0x00,0x00,0x00,0x00,0x00,0x00,0x43,0xe0,0x60,0x13,0x15,0xff,0xfc,0x1f,0xef,
    0x74,0x0d,0x81,0xdf,0x06,0x50,0x60,0x60,0x7c,0x00,0x00,0x07,0xe2,0x9a,0x00,0x00,
    0x00,0x00,0x00,0x00,0x00,0x00,0x00,0x85,0xe0,0x1f,0x67,0x8b,0xff,0xf9,0x00,0x1e,
    0x00,0x12,0x7d,0xda,0xff,0xa8,0x60,0x60,0x7c,0x00,0x00,0x07,0x01,0x02,0x00,0x00,
    0x00,0x00,0x00,0x00,0x00,0x00,0x00,0xc2,0x10,0x7f,0x67,0x80,0x00,0x04,0x00,0x09,
    0x00,0x1f,0x82,0x25,0x00,0xf8,0x00,0x00,0x00,0x00,0x00,0x08,0xff,0xfc,0x00,0x00,
    0x00,0x00,0x00,0x00,0x00,0x00,0x00,0x11,0x5e,0x68,0xfe,0x21,0xff,0xfc,0xcf,0x8f,
    0x76,0x2c,0x43,0x91,0x84,0x00,0x00,0x00,0x78,0x00,0x00,0x04,0x00,0x10,0x00,0x00,
    0x00,0x00,0x00,0x00,0x00,0x00,0x00,0xfb,0xaf,0xe7,0x70,0x72,0x00,0x05,0x7f,0xfb,
    0xe6,0x2d,0x78,0x0a,0xf6,0x80,0x00,0x00,0x78,0x00,0x00,0x05,0xc0,0x40,0x00,0x00,
    0x00,0x00,0x00,0x00,0x00,0x00,0x00,0x47,0xb0,0x60,0x71,0xaa,0xff,0xfc,0x00,0x3e,
    0x6a,0x2d,0x07,0x7f,0x88,0x80,0x00,0xe0,0x78,0x00,0x00,0x03,0xff,0xe8,0x00,0x00,
    0x00,0x00,0x00,0x00,0x00,0x00,0x00,0x83,0xa0,0x17,0x01,0xc4,0xff,0xfe,0x0f,0x8f,
    0x04,0x12,0xff,0x7f,0xfb,0x70,0x00,0xe0,0x78,0x00,0x00,0x01,0xc0,0x48,0x00,0x00,
    0x00,0x00,0x00,0x00,0x00,0x00,0x00,0xcc,0x50,0x77,0x01,0xc1,0x00,0x06,0x30,0x5a,
    0x00,0x1f,0xc0,0x80,0x05,0xf0,0x00,0x00,0x00,0x00,0x00,0x06,0x3f,0xb0,0x00,0x00,
    0x00,0x00,0x00,0x00,0x00,0x00,0x00,0x54,0x26,0x40,0x12,0x33,0x7e,0xff,0xff,0xef,
    0xf0,0x24,0x02,0x39,0x89,0x30,0x00,0x00,0xf0,0x00,0x00,0x01,0x00,0x40,0x00,0x00,
    0x00,0x00,0x00,0x00,0x00,0x00,0x00,0x7b,0xdf,0x53,0x73,0x59,0x81,0x81,0x88,0x73,
    0xbc,0x05,0x7e,0xcc,0x7d,0xa0,0x00,0x00,0xf0,0x00,0x00,0x01,0x7e,0x40,0x00,0x00,
    0x00,0x00,0x00,0x00,0x00,0x00,0x00,0x44,0xb0,0x4f,0x8c,0x97,0xff,0xfd,0x7f,0x5e,
    0x20,0x05,0x01,0x13,0x01,0xa0,0x01,0xc0,0xf0,0x00,0x00,0x00,0xff,0xa0,0x00,0x00,
    0x00,0x00,0x00,0x00,0x00,0x00,0x00,0x80,0xd0,0xbf,0xc1,0xc1,0xff,0xfe,0xbf,0xaf,
    0x80,0x1a,0xfd,0xd5,0x76,0x40,0x01,0xc0,0xf0,0x00,0x00,0x00,0x7e,0x20,0x00,0x00,
    0x00,0x00,0x00,0x00,0x00,0x00,0x00,0xcf,0x28,0xff,0xc1,0xc0,0x00,0x83,0xff,0xd2,
    0x08,0x1f,0x82,0x2a,0x8b,0xe0,0x00,0x00,0x00,0x00,0x00,0x01,0x81,0xc0,0x00,0x00,
    0x00,0x00,0x00,0x00,0x00,0x00,0x00,0x5d,0x1c,0x80,0xd9,0x08,0xbf,0xf9,0xff,0xfe,
    0x84,0x20,0x00,0x07,0x14,0x40,0x00,0x00,0xe0,0x30,0x60,0x00,0x3e,0x00,0x00,0x00,
    0x00,0x00,0x00,0x00,0x00,0x00,0x00,0x7d,0xcf,0x9e,0x40,0x3d,0xc0,0x86,0x00,0x52,
    0xfc,0x01,0x7f,0xfc,0x75,0x60,0x00,0x00,0xe0,0x20,0x20,0x00,0x3e,0x00,0x00,0x00,
    0x00,0x00,0x00,0x00,0x00,0x00,0x00,0x41,0xb0,0xbf,0x1a,0xcb,0x7e,0xff,0xff,0xde,
    0x14,0x01,0x00,0x33,0x89,0x40,0x03,0x81,0xe0,0x0f,0x80,0x00,0x01,0x00,0x00,0x00,
    0x00,0x00,0x00,0x00,0x00,0x00,0x00,0x85,0xd8,0x7f,0x24,0xf0,0x7f,0x7f,0xff,0xef,
    0x80,0x1e,0xff,0xfb,0x6e,0x80,0x03,0x81,0xe0,0x00,0x00,0x00,0x01,0x00,0x00,0x00,
    0x00,0x00,0x00,0x00,0x00,0x00,0x00,0xc2,0x28,0xff,0x00,0xf0,0x81,0xc0,0x00,0x73,
    0x08,0x1f,0x80,0x04,0x93,0xc0,0x00,0x00,0x00,0x3f,0xe0,0x00,0x3e,0x00,0x00,0x00,
    0x00,0x00,0x00,0x00,0x00,0x00,0x00,0x1f,0x8c,0x02,0x44,0x4c,0x5f,0xff,0x07,0x1f,
    0x88,0x22,0x80,0x65,0x30,0x80,0x00,0x00,0xe0,0x8f,0x08,0x00,0x00,0x00,0x00,0x00,
    0x00,0x00,0x00,0x00,0x00,0x00,0x00,0x7e,0x5e,0xbb,0x39,0x56,0xa1,0xc0,0xf8,0xe8,
    0x78,0x13,0xff,0xd3,0xfb,0x80,0x00,0x00,0xe0,0xa0,0x68,0x00,0x00,0x00,0x00,0x00,
    0x00,0x00,0x00,0x00,0x00,0x00,0x00,0x40,0xe0,0x7e,0xfc,0xe5,0x3f,0xff,0xff,0xee,
    0x10,0x03,0x00,0x3e,0x03,0x80,0x06,0x03,0xe0,0x7c,0xf0,0x00,0x00,0x00,0x00,0x00,
    0x00,0x00,0x00,0x00,0x00,0x00,0x00,0x82,0xc1,0xfc,0x02,0xb0,0xbf,0x7f,0xff,0xff,
    0x08,0x0c,0xff,0xb6,0xc4,0x40,0x06,0x03,0xe0,0x2c,0x60,0x00,0x00,0x00,0x00,0x00,
    0x00,0x00,0x00,0x00,0x00,0x00,0x00,0xc1,0x31,0xfc,0x00,0xf0,0x41,0xc0,0x00,0x19,
    0x20,0x0f,0x00,0x49,0x3f,0xc0,0x00,0x00,0x00,0xdf,0x98,0x00,0x00,0x00,0x00,0x00,
    0x00,0x00,0x00,0x00,0x00,0x00,0x01,0x8c,0xf8,0x0c,0x00,0x0e,0xef,0x8f,0x6c,0x3f,
    0xe0,0x22,0x80,0x38,0x31,0xc0,0x00,0x00,0x82,0x31,0xa4,0x00,0x00,0x00,0x00,0x00,
    0x00,0x00,0x00,0x00,0x00,0x00,0x01,0xff,0x3f,0xee,0xfd,0x13,0xd0,0x70,0x93,0xd9,
    0x18,0x3f,0xbf,0xc1,0xb7,0x80,0x00,0x00,0x82,0x11,0xc4,0x00,0x00,0x00,0x00,0x00,
    0x00,0x00,0x00,0x00,0x00,0x00,0x01,0xc1,0xc0,0xfc,0xfc,0xe0,0x5f,0x7f,0xff,0xff,
    0x60,0x23,0x40,0x7e,0x47,0x80,0x00,0x07,0x81,0xf1,0xd8,0x00,0x00,0x00,0x00,0x00,
    0x00,0x00,0x00,0x00,0x00,0x00,0x00,0x01,0xa3,0xf1,0x02,0xf0,0xdf,0xbf,0xff,0xff,
    0xe0,0x04,0xff,0xfb,0xd8,0x00,0x00,0x07,0x80,0x0e,0x20,0x00,0x00,0x00,0x00,0x00,
    0x00,0x00,0x00,0x00,0x00,0x00,0x00,0xc2,0x43,0xf0,0x00,0xf0,0x20,0xc0,0x00,0x19,
    0xf0,0x07,0x00,0x04,0x3f,0x80,0x00,0x00,0x03,0xff,0xfc,0x00,0x00,0x00,0x00,0x00,
    0x00,0x00,0x00,0x00,0x00,0x00,0x01,0x0f,0x74,0x18,0x00,0x0d,0x77,0x4c,0x7c,0x3e,
    0xb8,0x21,0x80,0x60,0xe7,0x00,0x00,0x00,0x04,0xe0,0x02,0x00,0x00,0x00,0x00,0x00,
    0x00,0x00,0x00,0x00,0x00,0x00,0x01,0xde,0xfb,0xcd,0xfd,0x11,0xe8,0xb3,0x83,0xc1,
    0x38,0x3f,0xbf,0x17,0xef,0x80,0x00,0x00,0x06,0x23,0x1e,0x18,0x00,0x00,0x00,0x00,
    0x00,0x00,0x00,0x00,0x00,0x00,0x01,0xc0,0x01,0xe9,0xfc,0xe0,0x2f,0xbf,0xff,0xff,
    0xe8,0x23,0x40,0xf8,0x0b,0x00,0x00,0x0f,0x03,0x20,0x1c,0x00,0x00,0x00,0x00,0x00,
    0x00,0x00,0x00,0x00,0x00,0x00,0x00,0x22,0x03,0xe2,0x03,0xf0,0x2f,0xdf,0xff,0xff,
    0xb0,0x14,0xff,0xff,0x34,0x80,0x00,0x0f,0x02,0x1f,0xec,0x18,0x00,0x00,0x00,0x00,
    0x00,0x00,0x00,0x00,0x00,0x00,0x00,0xe3,0x83,0xe0,0x01,0xf2,0x10,0x60,0x00,0x00,
    0x40,0x17,0x00,0x00,0xff,0x80,0x00,0x00,0x05,0xff,0xf2,0x00,0x00,0x00,0x00,0x00,
    0x00,0x00,0x00,0x00,0x00,0x00,0x03,0xaf,0xe0,0x30,0x00,0x0c,0x1b,0x38,0xfc,0x3e,
    0xd0,0x00,0x80,0xa3,0x5e,0x00,0x00,0x00,0x09,0xd9,0xa8,0x00,0x00,0x00,0x00,0x00,
    0x00,0x00,0x00,0x00,0x00,0x00,0x02,0xff,0xff,0x9b,0xfd,0x10,0x7c,0xd7,0x03,0xc1,
    0x20,0x17,0x9f,0xff,0x5f,0x00,0x00,0x00,0x0c,0x17,0xa4,0x38,0x00,0x00,0x00,0x00,
    0x00,0x00,0x00,0x00,0x00,0x00,0x02,0xe0,0x03,0xd3,0xfc,0xe3,0x07,0xdf,0xff,0xff,
    0x60,0x03,0x60,0x42,0x86,0x00,0x00,0x1e,0x06,0x40,0x26,0x00,0x00,0x00,0x00,0x00,
    0x00,0x00,0x00,0x00,0x00,0x00,0x00,0x03,0x07,0xc4,0x01,0xf0,0x17,0xef,0xff,0xff,
    0x00,0x1c,0xff,0x5e,0xf9,0x00,0x00,0x1e,0x04,0x39,0xd4,0x38,0x00,0x00,0x00,0x00,
    0x00,0x00,0x00,0x00,0x00,0x00,0x00,0xe0,0x07,0xc0,0x03,0xf0,0x98,0x38,0x00,0x00,
    0xe0,0x1f,0x00,0xa1,0x7f,0x00,0x00,0x00,0x0b,0xe6,0x7a,0x00,0x00,0x00,0x00,0x00,
    0x00,0x00,0x00,0x00,0x00,0x00,0x04,0x07,0xc8,0x60,0x04,0x08,0x34,0xff,0xbf,0x99,
    0xa0,0x10,0x20,0x02,0xfc,0x00,0x00,0x00,0x13,0x8f,0xc9,0x00,0x00,0x00,0x00,0x00,
    0x00,0x00,0x00,0x00,0x00,0x00,0x01,0xef,0xf7,0x17,0xfb,0x14,0x29,0x12,0x40,0x65,
    0x80,0x07,0x3f,0x7a,0xee,0x00,0x00,0x00,0x19,0xd0,0x43,0x00,0x00,0x00,0x00,0x00,
    0x00,0x00,0x00,0x00,0x00,0x00,0x00,0xe0,0x07,0x87,0xfc,0xe3,0xcf,0xf3,0xff,0xfe,
    0x00,0x03,0x40,0x85,0x4c,0x00,0x00,0x18,0x0c,0x40,0x06,0x00,0x00,0x00,0x00,0x00,
    0x00,0x00,0x00,0x00,0x00,0x00,0x03,0x10,0x07,0x88,0x01,0xf0,0x01,0xff,0xff,0xfc,
    0xc0,0x08,0xdf,0xfd,0xb2,0x00,0x00,0x18,0x08,0x2f,0xf2,0x00,0x00,0x00,0x00,0x00,
    0x00,0x00,0x00,0x00,0x00,0x00,0x03,0xf0,0x07,0x80,0x01,0xf0,0x0e,0x1e,0x00,0x03,
    0xc0,0x0b,0xa0,0x02,0x7e,0x00,0x00,0x00,0x17,0xf0,0x3d,0x00,0x00,0x00,0x00,0x00,
    0x00,0x00,0x00,0x00,0x00,0x00,0x00,0x20,0x00,0xc0,0x02,0x0c,0x11,0x31,0x87,0xc6,
    0x00,0x12,0x40,0x0f,0x78,0x00,0x00,0x00,0x07,0xbf,0x09,0x00,0x00,0x00,0x00,0x00,
    0x00,0x00,0x00,0x00,0x00,0x00,0x01,0xf7,0xf6,0x2f,0xf8,0x04,0x1e,0x4e,0x78,0x39,
    0x80,0x1f,0xcf,0xef,0x9c,0x00,0x00,0x00,0x19,0x20,0xb2,0x00,0x00,0x00,0x00,0x00,
    0x00,0x00,0x00,0x00,0x00,0x00,0x00,0xf0,0x0f,0x0f,0xf9,0xf3,0xc3,0xff,0xff,0xfb,
    0x00,0x13,0x70,0x12,0x98,0x00,0x00,0x00,0x38,0x80,0x16,0x00,0x00,0x00,0x00,0x00,
    0x00,0x00,0x00,0x00,0x00,0x00,0x07,0x08,0x1f,0x10,0x01,0xf0,0x04,0x7f,0xff,0xf8,
    0x80,0x00,0x5f,0xf3,0x64,0x00,0x00,0x00,0x38,0x7f,0x62,0x00,0x00,0x00,0x00,0x00,
    0x00,0x00,0x00,0x00,0x00,0x00,0x07,0xf8,0x1f,0x00,0x05,0xf0,0x27,0x80,0x00,0x07,
    0x80,0x03,0x20,0x0c,0xfc,0x00,0x00,0x00,0x07,0xc0,0xfd,0x00,0x00,0x00,0x00,0x00,
    0x00,0x00,0x00,0x00,0x00,0x00,0x09,0x04,0x01,0xd0,0x00,0x08,0x07,0xe7,0x0e,0x38,
    0x00,0x08,0x79,0x34,0xf0,0x00,0x00,0x00,0x27,0x80,0xdc,0x00,0x00,0x00,0x00,0x00,
    0x00,0x00,0x00,0x00,0x00,0x00,0x08,0xfd,0x0c,0x0f,0xf6,0x10,0x08,0xd8,0xf1,0xce,
    0x00,0x05,0x69,0x35,0x38,0x00,0x00,0x00,0x13,0xbf,0xf0,0x00,0x00,0x00,0x00,0x00,
    0x00,0x00,0x00,0x00,0x00,0x00,0x08,0xfc,0x1e,0x3f,0xf1,0xe7,0xe0,0x9f,0xff,0xd4,
    0x00,0x01,0x07,0xc9,0xb0,0x00,0x00,0x00,0x18,0x1e,0x53,0x00,0x00,0x00,0x00,0x00,
    0x00,0x00,0x00,0x00,0x00,0x00,0x06,0x02,0xfe,0x00,0x0b,0xf0,0x00,0x5f,0xff,0xca,
    0x00,0x06,0xc7,0xce,0x48,0x00,0x00,0x00,0x10,0xc0,0xb0,0x00,0x00,0x00,0x00,0x00,
    0x00,0x00,0x00,0x00,0x00,0x00,0x06,0xfe,0xfe,0x00,0x03,0xf0,0x10,0xe0,0x00,0x3e,
    0x00,0x07,0xf8,0x37,0xf8,0x00,0x00,0x00,0x2f,0xe1,0x6f,0x00,0x00,0x00,0x00,0x00,
    0x00,0x00,0x00,0x00,0x00,0x00,0x09,0x0f,0xc0,0xb0,0x0c,0x18,0x0b,0xde,0x03,0xe8,
    0x00,0x1c,0x1f,0xd3,0xe0,0x00,0x00,0x00,0x4f,0x24,0x9c,0x00,0x00,0x00,0x00,0x00,
    0x00,0x00,0x00,0x00,0x00,0x00,0x0c,0xff,0xff,0x0f,0xe8,0x08,0x0b,0xf8,0x70,0x70,
    0x00,0x1b,0xb1,0x5c,0xf0,0x00,0x00,0x00,0x73,0x1a,0x99,0x00,0x00,0x00,0x00,0x00,
    0x00,0x00,0x00,0x00,0x00,0x00,0x08,0xff,0xdc,0x3f,0xe3,0xe3,0xe1,0xd7,0xfd,0xa0,
    0x00,0x19,0x80,0x2d,0x60,0x00,0x00,0x00,0x30,0x3c,0x03,0x80,0x00,0x00,0x00,0x00,
    0x00,0x00,0x00,0x00,0x00,0x00,0x06,0x00,0x3f,0x00,0x13,0xe4,0x00,0x0a,0x70,0x40,
    0x00,0x02,0x60,0x32,0x90,0x00,0x00,0x00,0x30,0xc0,0xe1,0x80,0x00,0x00,0x00,0x00,
    0x00,0x00,0x00,0x00,0x00,0x00,0x06,0xff,0xff,0x40,0x03,0xe0,0x14,0x1f,0x8f,0xe0,
    0x00,0x03,0xdf,0xdf,0xf0,0x00,0x00,0x00,0x4f,0xc3,0x7e,0x00,0x00,0x00,0x00,0x00,
    0x00,0x00,0x00,0x00,0x00,0x00,0x01,0x03,0x81,0x38,0x18,0x04,0x01,0xe8,0xf8,0x40,
    0x00,0x0e,0x10,0xef,0x80,0x00,0x00,0x00,0x4f,0x71,0xbc,0x80,0x00,0x00,0x00,0x00,
    0x00,0x00,0x00,0x00,0x00,0x00,0x04,0x03,0x9a,0x87,0xd4,0x30,0x03,0x3e,0xf9,0x80,
    0x00,0x35,0xb0,0xf9,0xa0,0x00,0x00,0x00,0x23,0x49,0xf9,0x89,0x00,0x00,0x00,0x00,
    0x00,0x00,0x00,0x00,0x00,0x00,0x00,0x03,0xbc,0x3f,0xc3,0xc4,0xe9,0x08,0xf8,0x00,
    0x00,0x05,0x8f,0x95,0x80,0x00,0x00,0x00,0x30,0x34,0x83,0x00,0x00,0x00,0x00,0x00,
    0x00,0x00,0x00,0x00,0x00,0x00,0x06,0xfc,0x7e,0x40,0x27,0xeb,0x04,0x07,0x07,0x80,
    0x00,0x30,0x5f,0xea,0x60,0x00,0x00,0x00,0x21,0xc1,0x61,0x09,0x00,0x00,0x00,0x00,
    0x00,0x00,0x00,0x00,0x00,0x00,0x06,0xff,0xfe,0x00,0x07,0xe0,0x10,0x07,0xff,0x80,
    0x00,0x31,0xd0,0x5f,0xe0,0x00,0x00,0x00,0x5f,0x8a,0xfe,0x80,0x00,0x00,0x00,0x00,
    0x00,0x00,0x00,0x00,0x00,0x00,0x05,0x3c,0x07,0x73,0x38,0x22,0x03,0xc0,0x00,0x00,
    0x00,0x76,0x07,0xbb,0x00,0x00,0x00,0x00,0x0f,0x03,0xbc,0x00,0x00,0x00,0x00,0x00,
    0x00,0x00,0x00,0x00,0x00,0x00,0x06,0x7c,0x70,0x03,0x24,0x4c,0x00,0x08,0x00,0x00,
    0x00,0x3b,0xf7,0xff,0x80,0x00,0x00,0x00,0x27,0x73,0xd9,0x09,0x00,0x00,0x00,0x00,
    0x00,0x00,0x00,0x00,0x00,0x00,0x04,0x7c,0x38,0xf4,0x03,0x9e,0x00,0x00,0x00,0x00,
    0x00,0x32,0xc0,0x47,0x00,0x00,0x00,0x00,0x71,0x08,0xa3,0x80,0x00,0x00,0x00,0x00,
    0x00,0x00,0x00,0x00,0x00,0x00,0x02,0x83,0xf8,0x0b,0xc7,0xc1,0xfc,0x10,0x00,0x00,
    0x00,0x09,0x2f,0xb8,0x80,0x00,0x00,0x00,0x20,0x82,0x41,0x89,0x00,0x00,0x00,0x00,
    0x00,0x00,0x00,0x00,0x00,0x00,0x02,0xff,0xf8,0x00,0x07,0xc0,0x00,0x20,0x00,0x00,
    0x00,0x39,0xe8,0x7f,0x80,0x00,0x00,0x00,0x5f,0xf4,0xfe,0x00,0x00,0x00,0x00,0x00,
    0x00,0x00,0x00,0x00,0x00,0x00,0x03,0x3e,0x03,0x71,0x70,0x42,0x07,0xe4,0x00,0x00,
    0x02,0x97,0x15,0xc5,0x00,0x00,0x00,0x00,0x0e,0x8e,0x3c,0x00,0x00,0x00,0x00,0x00,
    0x00,0x00,0x00,0x00,0x00,0x00,0x03,0x7e,0x3d,0x0f,0xcd,0x9d,0xfe,0x20,0x00,0x00,
    0x01,0x3b,0xf7,0xfc,0x00,0x00,0x00,0x00,0x64,0x8e,0xf8,0x21,0x00,0x00,0x00,0x00,
    0x00,0x00,0x00,0x00,0x00,0x00,0x03,0x7e,0x70,0x7c,0x02,0x1c,0x3a,0x00,0x00,0x00,
    0x00,0x33,0x70,0x3c,0x00,0x00,0x00,0x00,0x72,0x20,0x43,0x00,0x00,0x00,0x00,0x00,
    0x00,0x00,0x00,0x00,0x00,0x00,0x00,0x81,0xfc,0x81,0x0f,0x83,0xc4,0x18,0x00,0x00,
    0x01,0x48,0x8d,0xc2,0x00,0x00,0x00,0x00,0x61,0xcd,0x80,0x21,0x00,0x00,0x00,0x00,
    0x00,0x00,0x00,0x00,0x00,0x00,0x00,0xff,0xfc,0x02,0x0f,0xa0,0x00,0x00,0x00,0x00,
    0x01,0x78,0xfb,0xfe,0x00,0x00,0x00,0x00,0x1f,0x11,0xff,0x00,0x00,0x00,0x00,0x00,
    0x00,0x00,0x00,0x00,0x00,0x00,0x00,0x81,0x0e,0x7c,0x21,0xe5,0x97,0x46,0x00,0x02,
    0x25,0x24,0x24,0xd0,0x00,0x00,0x00,0x00,0x0e,0x9e,0x7d,0x00,0x00,0x00,0x00,0x00,
    0x00,0x00,0x00,0x00,0x00,0x00,0x00,0x41,0xe0,0x03,0xfe,0x5e,0x5a,0x8c,0x00,0x01,
    0x47,0xec,0x7f,0xf4,0x08,0x00,0x00,0x00,0x63,0x9e,0xfa,0x21,0x00,0x00,0x00,0x00,
    0x00,0x00,0x00,0x00,0x00,0x00,0x00,0x01,0x71,0x7f,0x20,0x33,0xf2,0x08,0x00,0x00,
    0x05,0x64,0x3f,0xf0,0x00,0x00,0x00,0x00,0x70,0x40,0x42,0x00,0x00,0x00,0x00,0x00,
    0x00,0x00,0x00,0x00,0x00,0x00,0x00,0x3e,0xf0,0x80,0x1e,0x0b,0xd0,0x94,0x00,0x00,
    0x82,0x98,0x40,0x0c,0x08,0x00,0x00,0x00,0x62,0x91,0xc2,0x21,0x00,0x00,0x00,0x00,
    0x00,0x00,0x00,0x00,0x00,0x00,0x00,0x3f,0xf0,0x00,0x9e,0x04,0x28,0xa0,0x00,0x00,
    0x83,0xf8,0x7f,0xfc,0x00,0x00,0x00,0x00,0x1e,0x21,0xbd,0x00,0x00,0x00,0x00,0x00,
    0x00,0x00,0x00,0x00,0x00,0x00,0x00,0x78,0x0c,0xfe,0x36,0x57,0xf2,0x4a,0x00,0x00,
    0x19,0x08,0x00,0x00,0x00,0x00,0x00,0x00,0x0c,0x3c,0x7d,0x00,0x00,0x00,0x00,0x00,
    0x00,0x00,0x00,0x00,0x00,0x00,0x00,0x67,0xe2,0x01,0xcb,0x28,0x0d,0x86,0x00,0x07,
    0xec,0x50,0x18,0x60,0x0c,0x00,0x00,0x00,0x64,0x3c,0x7b,0x29,0x00,0x00,0x00,0x00,
    0x00,0x00,0x00,0x00,0x00,0x00,0x00,0x60,0x70,0xff,0x82,0xff,0xe0,0x2c,0x00,0x01,
    0xc9,0x80,0x00,0x00,0x00,0x00,0x00,0x00,0x70,0x80,0x02,0x00,0x00,0x00,0x00,0x00,
    0x00,0x00,0x00,0x00,0x00,0x00,0x00,0x06,0xf1,0x00,0x08,0x0f,0xf1,0x90,0x00,0x00,
    0x07,0xf0,0x1f,0xe0,0x0c,0x00,0x00,0x00,0x63,0x03,0x82,0x29,0x00,0x00,0x00,0x00,
    0x00,0x00,0x00,0x00,0x00,0x00,0x00,0x06,0xf0,0x00,0x48,0x10,0x11,0x80,0x00,0x02,
    0x27,0xf0,0x1f,0xe0,0x00,0x00,0x00,0x00,0x1f,0x43,0xfd,0x00,0x00,0x00,0x00,0x00,
    0x00,0x00,0x00,0x00,0x00,0x00,0x00,0x3f,0x14,0x7f,0xbc,0xbf,0xf6,0x18,0x00,0x00,
    0x0f,0x10,0x00,0x00,0x00,0x00,0x00,0x00,0x0d,0x7c,0xf8,0x00,0x00,0x00,0x00,0x00,
    0x00,0x00,0x00,0x00,0x00,0x00,0x00,0x27,0xea,0x00,0x72,0x40,0x09,0xc7,0x00,0x0f,
    0xe7,0xf0,0x00,0x00,0x46,0x00,0x00,0x00,0x23,0x7d,0xf0,0x0b,0x00,0x00,0x00,0x00,
    0x00,0x00,0x00,0x00,0x00,0x00,0x00,0x27,0x60,0x7f,0xd1,0x9f,0xe0,0x1c,0x00,0x03,
    0xe7,0x90,0x00,0x00,0x00,0x00,0x00,0x00,0x70,0x00,0x06,0x00,0x00,0x00,0x00,0x00,
    0x00,0x00,0x00,0x00,0x00,0x00,0x00,0x00,0xe9,0x80,0x20,0x5f,0xf1,0xa0,0x00,0x00,
    0x10,0x60,0x00,0x00,0x46,0x00,0x00,0x00,0x27,0x03,0x80,0x0b,0x00,0x00,0x00,0x00,
    0x00,0x00,0x00,0x00,0x00,0x00,0x00,0x00,0xe8,0x00,0x00,0x20,0x11,0x82,0x00,0x04,
    0x17,0xe0,0x00,0x00,0x00,0x00,0x00,0x00,0x5e,0x83,0xfe,0x00,0x00,0x00,0x00,0x00,
    0x00,0x00,0x00,0x00,0x00,0x00,0x00,0x1f,0x1e,0x7b,0x11,0x3f,0xfe,0xdd,0x80,0x00,
    0x15,0x10,0x00,0x00,0x00,0x00,0x00,0x00,0x4c,0xf8,0xfa,0x00,0x00,0x00,0x00,0x00,
    0x00,0x00,0x00,0x00,0x00,0x00,0x00,0x18,0x54,0x04,0xe8,0xc0,0x05,0x43,0x80,0x17,
    0xf7,0xf0,0x00,0x00,0x66,0x00,0x00,0x00,0x35,0xfc,0xf2,0x12,0x00,0x00,0x00,0x00,
    0x00,0x00,0x00,0x00,0x00,0x00,0x00,0x18,0xf5,0x7f,0xc5,0x7f,0xe4,0x1e,0x80,0x07,
    0xed,0x10,0x00,0x00,0x00,0x00,0x00,0x00,0x34,0x00,0x04,0x00,0x00,0x00,0x00,0x00,
    0x00,0x00,0x00,0x00,0x00,0x00,0x00,0x00,0xe0,0x80,0x02,0xff,0xf1,0x21,0x00,0x08,
    0x1a,0xe0,0x00,0x00,0x66,0x00,0x00,0x00,0x32,0x03,0x00,0x12,0x00,0x00,0x00,0x00,
    0x00,0x00,0x00,0x00,0x00,0x00,0x00,0x00,0xe0,0x00,0x20,0x00,0x11,0x00,0x00,0x00,
    0x0e,0xe0,0x00,0x00,0x00,0x00,0x00,0x00,0x4e,0x03,0xfe,0x00,0x00,0x00,0x00,0x00,
    0x00,0x00,0x00,0x00,0x00,0x00,0x00,0x07,0x18,0x7f,0xd8,0x7f,0xfc,0x1e,0x00,0x24,
    0x13,0xe0,0x00,0x00,0x00,0x00,0x00,0x00,0x4f,0x00,0xf4,0x00,0x00,0x00,0x00,0x00,
    0x00,0x00,0x00,0x00,0x00,0x00,0x00,0x07,0x7e,0x00,0x3b,0x80,0x1b,0x81,0x80,0x09,
    0xff,0xe0,0x00,0x00,0x22,0x00,0x00,0x00,0x77,0x3b,0xe4,0x64,0x00,0x00,0x00,0x00,
    0x00,0x00,0x00,0x00,0x00,0x00,0x00,0x07,0xd9,0x7f,0xe2,0xff,0xf8,0x5f,0x00,0x1d,
    0xe3,0xe0,0x00,0x00,0x00,0x00,0x00,0x00,0x37,0x01,0x08,0x00,0x00,0x00,0x00,0x00,
    0x00,0x00,0x00,0x00,0x00,0x00,0x00,0x00,0xe0,0x80,0x15,0xff,0xe3,0x20,0x00,0x02,
    0x1c,0x00,0x00,0x00,0x22,0x00,0x00,0x00,0x30,0xc6,0x00,0x64,0x00,0x00,0x00,0x00,
    0x00,0x00,0x00,0x00,0x00,0x00,0x00,0x00,0xe0,0x00,0x00,0x00,0x13,0x00,0x00,0x00,
    0x0c,0x00,0x00,0x00,0x00,0x00,0x00,0x00,0x4f,0xc7,0xfc,0x00,0x00,0x00,0x00,0x00,
    0x00,0x00,0x00,0x00,0x00,0x00,0x00,0x05,0x31,0x3e,0x64,0xff,0xe9,0x9c,0x41,0xe0,
    0x1f,0xc0,0x00,0x00,0x00,0x00,0x00,0x00,0x07,0xfd,0xe8,0x00,0x00,0x00,0x00,0x00,
    0x00,0x07,0x00,0x00,0x00,0x00,0x00,0x03,0x7b,0x00,0x7a,0x00,0x36,0x83,0x80,0x39,
    0xff,0xc0,0x00,0x02,0x33,0x00,0x00,0x00,0x1f,0xfe,0x08,0x0c,0x00,0x00,0x00,0x00,
    0x00,0x00,0x00,0x00,0x00,0x00,0x00,0x00,0xf4,0x3e,0x85,0xff,0xe0,0x5f,0x00,0x1f,
    0xef,0xc0,0x00,0x00,0x00,0x00,0x00,0x00,0x3f,0xfd,0x10,0x00,0x00,0x00,0x00,0x00,
    0x00,0x07,0x00,0x00,0x00,0x00,0x00,0x00,0xc0,0xc1,0x02,0xff,0xf6,0x20,0x00,0x00,
    0x10,0x00,0x00,0x02,0x33,0x00,0x00,0x00,0x18,0x02,0x00,0x0c,0x00,0x00,0x00,0x00,
    0x00,0x00,0x00,0x00,0x00,0x00,0x00,0x00,0xc0,0x00,0x01,0x00,0x36,0x00,0x80,0x00,
    0x00,0x00,0x00,0x00,0x00,0x00,0x00,0x00,0x27,0xff,0xf8,0x00,0x00,0x00,0x00,0x00,
    0x00,0x00,0x00,0x00,0x00,0x00,0x00,0x0c,0x22,0x1e,0x93,0xff,0xf2,0x18,0x1a,0x00,
    0x18,0x20,0x00,0x00,0x00,0x00,0x00,0x00,0x26,0x1b,0x90,0x00,0x00,0x00,0x00,0x00,
    0x00,0x0e,0x00,0x00,0x00,0x00,0x00,0x04,0xb3,0x01,0x7c,0x44,0x0d,0x07,0xc7,0xd9,
    0xf7,0xc0,0x00,0x03,0x33,0x00,0x00,0x00,0x3b,0xdf,0x10,0x30,0x00,0x00,0x00,0x00,
    0x00,0x00,0x00,0x00,0x00,0x00,0x00,0x02,0x6c,0xdf,0x83,0xff,0xe0,0xdf,0x80,0x19,
    0xe0,0x00,0x00,0x00,0x00,0x00,0x00,0x00,0x1e,0x1a,0x60,0x00,0x00,0x00,0x00,0x00,
    0x00,0x0e,0x00,0x00,0x00,0x00,0x00,0x00,0xc0,0x20,0x11,0xff,0xec,0x20,0x02,0x20,
    0x00,0x00,0x00,0x03,0x33,0x00,0x00,0x00,0x1d,0xe4,0x00,0x30,0x00,0x00,0x00,0x00,
    0x00,0x00,0x00,0x00,0x00,0x00,0x00,0x01,0xc0,0x00,0x62,0x7c,0x2c,0x00,0x01,0x86,
    0x00,0x00,0x00,0x00,0x00,0x00,0x00,0x00,0x27,0xff,0xf0,0x00,0x00,0x00,0x00,0x00,
    0x00,0x00,0x00,0x00,0x00,0x00,0x00,0x10,0x60,0x88,0x05,0xc3,0xf4,0x01,0xb0,0x4c,
    0x00,0x00,0x00,0x00,0x00,0x00,0x00,0x00,0x11,0x86,0x20,0x00,0x00,0x00,0x00,0x00,
    0x00,0x3c,0x00,0x00,0x00,0x00,0x00,0x00,0xc1,0x87,0xfc,0x40,0x2a,0x0e,0xff,0x76,
    0xd7,0xe0,0x00,0x31,0x33,0x00,0x00,0x00,0x1e,0x5c,0x20,0x00,0x00,0x00,0x00,0x00,
    0x00,0x00,0x00,0x00,0x00,0x00,0x00,0x07,0x5e,0x6f,0xf0,0x41,0xe1,0xef,0x07,0xb8,
    0xe7,0xc0,0x00,0x00,0x00,0x00,0x00,0x00,0x0f,0x45,0xc0,0x00,0x00,0x00,0x00,0x00,
    0x00,0x3c,0x00,0x00,0x00,0x00,0x00,0x00,0x00,0x10,0x07,0xbf,0xc8,0x10,0x90,0x41,
    0x00,0x00,0x00,0x31,0x33,0x00,0x00,0x00,0x0f,0xb8,0x00,0x00,0x00,0x00,0x00,0x00,
    0x00,0x00,0x00,0x00,0x00,0x00,0x00,0x08,0x00,0x00,0x0b,0xfe,0x28,0x00,0x08,0x00,
    0x08,0x00,0x00,0x00,0x00,0x00,0x00,0x00,0x11,0xff,0xe0,0x00,0x00,0x00,0x00,0x00,
    0x00,0x00,0x00,0x00,0x00,0x00,0x00,0x00,0xe1,0x10,0x02,0x75,0xdc,0x0a,0x87,0x02,
    0x10,0x20,0x00,0x00,0x00,0x00,0x00,0x00,0x0c,0x18,0x80,0x00,0x00,0x00,0x00,0x00,
    0x00,0x70,0x78,0x00,0x00,0x00,0x00,0x20,0xa1,0x8f,0xff,0xf4,0x66,0x04,0xf8,0x37,
    0x3f,0xe0,0x02,0x31,0x33,0x00,0x00,0x00,0x0b,0xc2,0x80,0x00,0x00,0x00,0x00,0x00,
    0x00,0x00,0x00,0x00,0x00,0x00,0x00,0x13,0x1e,0x1f,0xfc,0x54,0xc5,0xee,0x3f,0x32,
    0x0f,0xc0,0x00,0x00,0x00,0x00,0x00,0x00,0x03,0xe7,0x40,0x00,0x00,0x00,0x00,0x00,
    0x00,0x70,0x78,0x00,0x00,0x00,0x00,0x0c,0x00,0x00,0x03,0xab,0xe0,0x10,0x80,0xc8,
    0x00,0x20,0x02,0x31,0x33,0x00,0x00,0x00,0x03,0xc2,0x40,0x00,0x00,0x00,0x00,0x00,
    0x00,0x00,0x00,0x00,0x00,0x00,0x00,0x00,0x00,0x60,0x01,0xff,0x60,0x01,0x40,0x00,
    0xc0,0x00,0x00,0x00,0x00,0x00,0x00,0x00,0x0c,0x3d,0x80,0x00,0x00,0x00,0x00,0x00,
    0x00,0x00,0x00,0x00,0x00,0x00,0x00,0x10,0x00,0x00,0x08,0x23,0xfa,0x04,0xe7,0xe5,
    0xe0,0x00,0x20,0x00,0x00,0x00,0x00,0x00,0x01,0x86,0x00,0x00,0x00,0x00,0x00,0x00,
    0x00,0x61,0xe0,0x00,0x00,0x00,0x00,0x40,0xc0,0xdf,0xf3,0x3b,0x7b,0x00,0x18,0x0b,
    0xcf,0xe0,0x27,0x33,0x22,0x00,0x00,0x00,0x01,0x06,0x00,0x00,0x00,0x00,0x00,0x00,
    0x00,0x00,0x00,0x00,0x00,0x00,0x00,0x16,0x03,0x3f,0xf8,0x33,0xba,0xf5,0xff,0xe1,
    0xcf,0xc0,0x20,0x00,0x00,0x00,0x00,0x00,0x00,0x78,0x00,0x00,0x00,0x00,0x00,0x00,
    0x00,0x61,0xe0,0x00,0x00,0x00,0x00,0x28,0x3c,0x00,0x05,0xcc,0xc0,0x0a,0x00,0x12,
    0x10,0x00,0x27,0x33,0x22,0x00,0x00,0x00,0x00,0x00,0x00,0x00,0x00,0x00,0x00,0x00,
    0x00,0x00,0x00,0x00,0x00,0x00,0x00,0x01,0x00,0x00,0x01,0xff,0xc0,0x00,0x00,0x02,
    0x00,0x00,0x00,0x00,0x00,0x00,0x00,0x00,0x01,0xfe,0x00,0x00,0x00,0x00,0x00,0x00,
    0x00,0x00,0x00,0x00,0x00,0x00,0x00,0x43,0x88,0x60,0x10,0x01,0x21,0x81,0xff,0x89,
    0xe8,0x60,0x20,0x00,0x00,0x00,0x00,0x01,0xe0,0x00,0x00,0x00,0x00,0x00,0x00,0x00,
    0x00,0xe3,0x80,0x00,0x00,0x00,0x00,0xa2,0x30,0xdf,0xe6,0xdd,0x61,0x80,0x00,0x58,
    0x67,0x40,0x23,0x02,0x26,0x00,0x00,0x01,0xe0,0x00,0x00,0x00,0x00,0x00,0x00,0x00,
    0x00,0x00,0x00,0x00,0x00,0x00,0x00,0x6c,0x7b,0x3f,0xf0,0x19,0x21,0x79,0xff,0xca,
    0x1f,0x00,0x20,0x00,0x00,0x00,0x00,0x00,0x00,0x00,0x00,0x00,0x00,0x00,0x00,0x00,
    0x00,0xe3,0x80,0x00,0x00,0x00,0x00,0x10,0x04,0x00,0x03,0xe2,0xc0,0x06,0x00,0x26,
    0x00,0x80,0x23,0x02,0x26,0x00,0x00,0x00,0x00,0x00,0x00,0x00,0x00,0x00,0x00,0x00,
    0x00,0x00,0x00,0x00,0x00,0x00,0x00,0x00,0x00,0x00,0x0b,0xfb,0xc0,0x00,0x00,0x06,
    0x00,0x00,0x00,0x00,0x00,0x00,0x00,0x01,0xe0,0x00,0x00,0x00,0x00,0x00,0x00,0x00,
    0x00,0x00,0x00,0x00,0x00,0x00,0x00,0x83,0x80,0x00,0x10,0x1c,0xc0,0xc1,0xfe,0x37,
    0xc0,0x40,0x00,0x00,0x00,0x00,0x00,0x0c,0x08,0x00,0x00,0x00,0x00,0x00,0x00,0x00,
    0x01,0xc7,0x00,0x00,0x00,0x00,0x01,0x47,0xfc,0xbf,0xed,0xf6,0xc0,0xc0,0x00,0x25,
    0x80,0x80,0x00,0x00,0x66,0x00,0x00,0x09,0xe8,0x00,0x00,0x00,0x00,0x00,0x00,0x00,
    0x00,0x00,0x00,0x00,0x00,0x00,0x00,0xd3,0x7d,0x7f,0xf0,0x14,0xc0,0xbd,0xfe,0x05,
    0x5e,0x00,0x00,0x00,0x00,0x00,0x00,0x03,0xf0,0x00,0x00,0x00,0x00,0x00,0x00,0x00,
    0x01,0xc7,0x00,0x00,0x00,0x00,0x00,0x20,0x02,0x00,0x07,0xe9,0x00,0x02,0x01,0xc8,
    0x20,0x00,0x00,0x00,0x66,0x00,0x00,0x01,0xe0,0x00,0x00,0x00,0x00,0x00,0x00,0x00,
    0x00,0x00,0x00,0x00,0x00,0x00,0x00,0x08,0x00,0x00,0x07,0xfd,0x80,0x00,0x00,0x0c,
    0x01,0x00,0x00,0x00,0x00,0x00,0x00,0x0e,0x18,0x00,0x00,0x00,0x00,0x00,0x00,0x00,
    0x00,0x00,0x08,0x20,0x00,0x00,0x05,0x19,0x6b,0x40,0x10,0x48,0x80,0x40,0x38,0x6b,
    0x12,0x80,0x00,0x00,0x00,0x00,0x00,0x30,0x02,0x00,0x00,0x00,0x00,0x00,0x00,0x00,
    0x01,0x8e,0x0b,0xa0,0x00,0x00,0x06,0x90,0x95,0xbf,0xef,0xed,0x80,0x60,0x00,0x5f,
    0x63,0x80,0x00,0x00,0xcc,0x00,0x00,0x20,0x1a,0x00,0x00,0x00,0x00,0x00,0x00,0x00,
    0x00,0x00,0x04,0x00,0x00,0x00,0x05,0xa0,0x7e,0x7f,0xf0,0xdc,0x80,0x5e,0x39,0x0b,
    0x70,0x80,0x00,0x00,0x00,0x00,0x00,0x0f,0xfc,0x00,0x00,0x00,0x00,0x00,0x00,0x00,
    0x01,0x8e,0x00,0x00,0x00,0x00,0x00,0x40,0x00,0x00,0x07,0x32,0x40,0x01,0xc6,0x14,
    0x08,0x00,0x00,0x00,0xcc,0x00,0x00,0x00,0x18,0x00,0x00,0x00,0x00,0x00,0x00,0x00,
    0x00,0x00,0x03,0xc0,0x00,0x00,0x00,0x00,0x80,0x00,0x07,0xfe,0xc0,0x00,0x00,0x9c,
    0x84,0x00,0x00,0x00,0x00,0x00,0x00,0x3f,0xe6,0x00,0x00,0x00,0x00,0x00,0x00,0x00,
    0x00,0x00,0x2f,0xf0,0x00,0x00,0x00,0x11,0x19,0xc0,0x0c,0xc4,0x40,0x08,0x00,0x56,
    0xc5,0x00,0x00,0x00,0x00,0x00,0x00,0x47,0xe1,0x00,0x00,0x00,0x00,0x00,0x00,0x00,
    0x03,0x8c,0x20,0x10,0x00,0x00,0x05,0x31,0xe7,0xbf,0xfa,0xd7,0xe0,0x18,0x00,0xbd,
    0xb9,0x00,0x00,0x00,0x08,0x00,0x00,0x40,0x07,0x00,0x00,0x00,0x00,0x00,0x00,0x00,
    0x00,0x00,0x10,0x00,0x00,0x00,0x01,0x50,0xfe,0x7f,0xf0,0xee,0x40,0x07,0xfe,0x14,
    0x7e,0x00,0x00,0x00,0x00,0x00,0x00,0x38,0x1e,0x00,0x00,0x00,0x00,0x00,0x00,0x00,
    0x03,0x8c,0x0f,0xf0,0x00,0x00,0x02,0x80,0x00,0x00,0x03,0x38,0xa0,0x00,0x00,0x28,
    0x00,0x00,0x00,0x00,0x08,0x00,0x00,0x00,0x06,0x00,0x00,0x00,0x00,0x00,0x00,0x00,
    0x00,0x00,0x00,0x00,0x00,0x00,0x00,0x00,0x00,0x00,0x03,0xfe,0xe0,0x00,0x01,0x38,
    0x00,0x00,0x00,0x00,0x00,0x00,0x00,0x7f,0xf9,0x00,0x00,0x00,0x00,0x00,0x00,0x00,
    0x00,0x00,0x5e,0x98,0x00,0x00,0x02,0x22,0x00,0x58,0xf6,0x61,0x70,0x0a,0x00,0xae,
    0x03,0x00,0x00,0x00,0x00,0x00,0x00,0xb3,0xf8,0x00,0x00,0x00,0x00,0x00,0x00,0x00,
    0x03,0x9c,0x41,0x48,0x00,0x00,0x08,0x61,0xff,0x27,0x03,0x6b,0x60,0x06,0x00,0x7f,
    0x02,0x00,0x00,0x00,0x10,0x00,0x00,0x5f,0xb2,0x00,0x00,0x00,0x00,0x00,0x00,0x00,
    0x00,0x00,0x20,0x60,0x00,0x00,0x02,0x20,0xfe,0x7f,0xfb,0xd3,0x60,0x01,0xfe,0x2d,
    0xc0,0x00,0x00,0x00,0x00,0x00,0x00,0x5c,0x47,0x00,0x00,0x00,0x00,0x00,0x00,0x00,
    0x03,0x9c,0x1f,0x70,0x00,0x00,0x05,0x00,0x00,0x00,0x00,0xbc,0x80,0x00,0x00,0x50,
    0x3c,0x00,0x00,0x00,0x10,0x00,0x00,0x63,0x82,0x00,0x00,0x00,0x00,0x00,0x00,0x00,
    0x00,0x00,0x00,0x80,0x00,0x00,0x00,0x81,0x00,0x80,0x03,0xff,0xe0,0x00,0x01,0x70,
    0x00,0x00,0x00,0x00,0x00,0x00,0x00,0xbf,0xfd,0x00,0x00,0x00,0x00,0x00,0x00,0x00,
    0x00,0x00,0x3e,0xe0,0x00,0x00,0x05,0x80,0x12,0x7e,0xf9,0x72,0xa0,0x02,0x43,0x5e,
    0x4a,0x00,0x00,0x00,0x00,0x00,0x01,0x7f,0xfa,0x80,0x00,0x00,0x00,0x00,0x00,0x00,
    0x03,0x18,0x00,0x1c,0x00,0x00,0x11,0x03,0xed,0x00,0x05,0x7f,0xa0,0x01,0xc2,0xcf,
    0x8c,0x00,0x00,0x00,0x00,0x00,0x01,0xbf,0xfd,0x80,0x00,0x00,0x00,0x00,0x00,0x00,
    0x00,0x00,0x21,0xe0,0x00,0x00,0x04,0x01,0xfe,0x7e,0xfb,0x53,0xa0,0x00,0x00,0x6d,
    0xc0,0x00,0x00,0x00,0x00,0x00,0x00,0xbf,0xfd,0x00,0x00,0x00,0x00,0x00,0x00,0x00,
    0x03,0x18,0x1f,0xf0,0x00,0x00,0x0a,0x00,0x00,0x01,0x02,0xac,0x50,0x00,0x00,0xa0,
    0x20,0x00,0x00,0x00,0x00,0x00,0x00,0xc0,0x03,0x00,0x00,0x00,0x00,0x00,0x00,0x00,
    0x00,0x00,0x40,0x08,0x00,0x00,0x00,0x00,0x00,0x80,0x03,0xff,0xf0,0x00,0x3c,0xe0,
    0x10,0x00,0x00,0x00,0x00,0x00,0x01,0x7f,0xfe,0x80,0x00,0x00,0x00,0x00,0x00,0x00,
    0x00,0x00,0xbe,0xec,0x00,0x00,0x0b,0x06,0x70,0x8e,0x7e,0xd9,0xd0,0x00,0x7f,0xfc,
    0x44,0x00,0x00,0x00,0x00,0x00,0x00,0xff,0xfb,0x80,0x00,0x00,0x00,0x00,0x00,0x00,
    0x03,0x18,0x80,0x14,0x00,0x00,0x22,0x07,0x8f,0x80,0x04,0xdd,0xd8,0x00,0x42,0xde,
    0x0c,0x00,0x00,0x00,0x00,0x00,0x00,0x7f,0xfe,0x00,0x00,0x00,0x00,0x00,0x00,0x00,
    0x00,0x00,0x61,0xe0,0x00,0x00,0x0c,0x05,0xfe,0x0f,0x78,0x59,0x50,0x00,0x42,0xdd,
    0x54,0x00,0x00,0x00,0x00,0x00,0x03,0xff,0xff,0x00,0x00,0x00,0x00,0x00,0x00,0x00,
    0x03,0x18,0x1f,0xf8,0x00,0x00,0x10,0x02,0x00,0x70,0x81,0xa6,0xa8,0x00,0x00,0x00,
    0xa0,0x00,0x00,0x00,0x00,0x00,0x02,0x80,0x01,0x00,0x00,0x00,0x00,0x00,0x00,0x00,
    0x00,0x00,0x00,0x00,0x00,0x00,0x00,0x00,0x00,0x00,0x01,0xff,0xf8,0x00,0x00,0xc0,
    0x00,0x00,0x00,0x00,0x00,0x00,0x01,0xff,0xff,0x80,0x00,0x00,0x00,0x00,0x00,0x00,
    0x00,0x00,0xbf,0x5c,0x00,0x00,0x02,0x00,0xf1,0x00,0x92,0x50,0xac,0x00,0x00,0xfe,
    0xe8,0x00,0x00,0x00,0x00,0x00,0x02,0x7f,0xfd,0x80,0x00,0x00,0x00,0x00,0x00,0x00,
    0x03,0x18,0x80,0x44,0x00,0x00,0x46,0x07,0x0f,0x80,0x81,0xda,0xfc,0x00,0x01,0xbf,
    0xf8,0x00,0x00,0x00,0x00,0x00,0x00,0xff,0xfe,0x00,0x00,0x00,0x00,0x00,0x00,0x00,
    0x00,0x00,0x20,0xa0,0x00,0x00,0x0a,0x03,0xfe,0x71,0x14,0xdc,0xfc,0x00,0x00,0xbe,
    0x08,0x00,0x00,0x00,0x00,0x00,0x01,0xff,0xfc,0x00,0x00,0x00,0x00,0x00,0x00,0x00,
    0x03,0x18,0x5f,0xb8,0x00,0x00,0x30,0x00,0x00,0x0e,0x69,0x27,0x00,0x00,0x01,0x00,
    0x00,0x00,0x00,0x00,0x00,0x00,0x00,0x00,0x03,0x00,0x00,0x00,0x00,0x00,0x00,0x00,
    0x00,0x00,0x00,0x40,0x00,0x00,0x00,0x00,0x00,0x00,0x01,0xff,0xf8,0x00,0x01,0x80,
    0x00,0x00,0x00,0x00,0x00,0x00,0x03,0xff,0xff,0x80,0x00,0x00,0x00,0x00,0x00,0x00,
    0x00,0x00,0xff,0xfc,0x00,0x01,0x44,0x0c,0xf0,0x50,0xc2,0x70,0xf4,0x00,0x01,0x7c,
    0x40,0x00,0x00,0x00,0x00,0x00,0x01,0xff,0xfc,0x80,0x00,0x00,0x00,0x00,0x00,0x00,
    0x03,0x18,0x80,0x04,0x00,0x01,0x8c,0x0f,0x0e,0xd0,0xc1,0xd6,0xb4,0x02,0x00,0xfc,
    0x40,0x00,0x00,0x00,0x00,0x00,0x02,0xff,0xfc,0x00,0x00,0x00,0x00,0x00,0x00,0x00,
    0x00,0x00,0x60,0x00,0x00,0x01,0x54,0x0b,0xfe,0x25,0x28,0x50,0xb4,0x00,0x00,0x7c,
    0x40,0x00,0x00,0x00,0x00,0x00,0x02,0xff,0xfd,0x00,0x00,0x00,0x00,0x00,0x00,0x00,
    0x03,0x18,0x1f,0xf8,0x00,0x00,0x20,0x04,0x01,0x02,0x11,0xaf,0x48,0x03,0x00,0x80,
    0x00,0x00,0x00,0x00,0x00,0x00,0x03,0x00,0x02,0x00,0x00,0x00,0x00,0x00,0x00,0x00,
    0x00,0x00,0x00,0x00,0x00,0x00,0x00,0x00,0x00,0x08,0x05,0xff,0xf8,0x03,0x00,0x80,
    0x00,0x00,0x00,0x00,0x00,0x00,0x01,0xff,0xff,0x80,0x00,0x00,0x00,0x00,0x00,0x00,
    0x00,0x00,0x7f,0xf8,0x00,0x02,0x88,0x08,0x41,0xf4,0x18,0x30,0xba,0x07,0x81,0xf8,
    0x00,0x00,0x00,0x00,0x00,0x00,0x07,0x77,0xf8,0x80,0x00,0x00,0x00,0x00,0x00,0x00,
    0x03,0x18,0x80,0x04,0x00,0x03,0x18,0x07,0xbe,0xbc,0x7d,0xbe,0x84,0x03,0x01,0x18,
    0x00,0x00,0x00,0x00,0x00,0x00,0x07,0xff,0xfb,0x80,0x00,0x00,0x00,0x00,0x00,0x00,
    0x00,0x00,0x60,0x00,0x00,0x02,0x88,0x03,0xff,0x03,0x80,0x10,0x80,0x03,0x01,0x18,
    0x00,0x00,0x00,0x00,0x00,0x00,0x03,0xff,0xfb,0x00,0x00,0x00,0x00,0x00,0x00,0x00,
    0x03,0x18,0x1f,0xf8,0x00,0x00,0x40,0x00,0x00,0x00,0x03,0xef,0x40,0x00,0x00,0x00,
    0x00,0x00,0x00,0x00,0x00,0x00,0x02,0x00,0x05,0x00,0x00,0x00,0x00,0x00,0x00,0x00,
    0x00,0x00,0x00,0x00,0x00,0x00,0x20,0x04,0x00,0x00,0x03,0xff,0xc0,0x03,0x00,0x00,
    0x00,0x00,0x00,0x00,0x00,0x00,0x07,0xff,0xfe,0x80,0x00,0x00,0x00,0x00,0x00,0x00,
    0x00,0x00,0x1f,0xfc,0x00,0x07,0x20,0x00,0xe1,0x5d,0x86,0x01,0x71,0x01,0x00,0x60,
    0x00,0x00,0x00,0x00,0x00,0x00,0x06,0xff,0xfa,0x00,0x00,0x00,0x00,0x00,0x00,0x00,
    0x03,0x18,0x80,0x00,0x00,0x06,0x00,0x0f,0x1e,0x63,0xff,0xd9,0x0e,0x04,0x00,0x60,
    0x00,0x00,0x00,0x00,0x00,0x00,0x06,0xff,0xfc,0x00,0x00,0x00,0x00,0x00,0x00,0x00,
    0x00,0x00,0x10,0x08,0x00,0x05,0x00,0x07,0xff,0x80,0x1a,0x01,0x00,0x00,0x00,0x60,
    0x00,0x00,0x00,0x00,0x00,0x00,0x02,0xff,0xfb,0x80,0x00,0x00,0x00,0x00,0x00,0x00,
    0x03,0x18,0x6f,0xf0,0x00,0x00,0x80,0x00,0x00,0x00,0x05,0xfe,0x80,0x06,0x00,0x00,
    0x00,0x00,0x00,0x00,0x00,0x00,0x03,0x00,0x04,0x80,0x00,0x00,0x00,0x00,0x00,0x00,
    0x00,0x00,0x00,0x00,0x00,0x00,0x40,0x00,0x00,0x00,0x1f,0xff,0x86,0x06,0x00,0x00,
    0x00,0x00,0x00,0x00,0x00,0x00,0x07,0xff,0xff,0x00,0x00,0x00,0x00,0x00,0x00,0x00,
    0x00,0x00,0x4f,0xfc,0x00,0x0e,0xc0,0x18,0xfa,0x0c,0x3c,0x03,0x50,0x82,0x00,0x00,
    0x00,0x00,0x00,0x00,0x00,0x00,0x05,0x04,0xf5,0x00,0x00,0x00,0x00,0x00,0x00,0x00,
    0x03,0x88,0x40,0x0c,0x00,0x04,0x80,0x1f,0x04,0x06,0x67,0x7b,0xfb,0x06,0x00,0x00,
    0x00,0x00,0x00,0x00,0x00,0x00,0x06,0xb7,0xf4,0x00,0x00,0x00,0x00,0x00,0x00,0x00,
    0x00,0x00,0x08,0x14,0x00,0x02,0x00,0x17,0xfe,0xe6,0x79,0x83,0x52,0x02,0x00,0x00,
    0x00,0x00,0x00,0x00,0x00,0x00,0x03,0x87,0xf6,0x06,0x00,0x00,0x00,0x00,0x00,0x00,
    0x03,0x88,0x37,0xe0,0x00,0x01,0x00,0x08,0x01,0x01,0xa7,0xfc,0xa4,0x0c,0x00,0x00,
    0x00,0x00,0x00,0x00,0x00,0x00,0x03,0x78,0x08,0x00,0x00,0x00,0x00,0x00,0x00,0x00,
    0x00,0x00,0x00,0x00,0x00,0x00,0x00,0x00,0x00,0x17,0xdf,0xff,0xb1,0x0c,0x00,0x00,
    0x00,0x00,0x00,0x00,0x00,0x00,0x05,0xff,0xff,0x00,0x00,0x00,0x00,0x00,0x00,0x00,
    0x00,0x00,0x07,0xe8,0x00,0x1c,0x80,0x11,0xfc,0x07,0xfc,0x00,0xe8,0xc4,0x00,0x00,
    0x00,0x00,0x00,0x00,0x00,0x00,0x04,0x78,0xf4,0x00,0x00,0x00,0x00,0x00,0x00,0x00,
    0x03,0x8c,0x40,0x00,0x00,0x09,0x00,0x0e,0x00,0x14,0x06,0xb1,0x6d,0xdc,0x00,0x00,
    0x00,0x00,0x00,0x00,0x00,0x00,0x07,0x1a,0xf8,0x00,0x00,0x00,0x00,0x00,0x00,0x00,
    0x00,0x00,0x26,0x70,0x00,0x06,0x00,0x07,0xfd,0xe7,0xf9,0xc0,0x69,0x44,0x00,0x00,
    0x00,0x00,0x00,0x00,0x00,0x00,0x03,0xa8,0xf7,0x0f,0xc0,0x00,0x00,0x00,0x00,0x00,
    0x03,0x8c,0x19,0x80,0x00,0x08,0x00,0x00,0x02,0x0c,0x07,0xff,0x12,0x98,0x00,0x00,
    0x00,0x00,0x00,0x00,0x00,0x00,0x03,0x17,0x09,0x00,0x00,0x00,0x00,0x00,0x00,0x00,
    0x00,0x00,0x00,0x00,0x00,0x00,0x00,0x08,0x00,0x0b,0xff,0xff,0x18,0x18,0x00,0x00,
    0x00,0x00,0x00,0x00,0x00,0x00,0x04,0xff,0xfe,0x00,0x00,0x00,0x00,0x00,0x00,0x00,
    0x00,0x00,0x00,0x10,0x00,0x40,0x00,0x31,0xf8,0x0f,0xfc,0x01,0xe4,0x48,0x00,0x00,
    0x00,0x00,0x00,0x00,0x00,0x00,0x00,0x7f,0x82,0x00,0x00,0x00,0x00,0x00,0x00,0x00,
    0x01,0x86,0x20,0x00,0x00,0x62,0x00,0x3e,0x00,0x38,0x05,0x82,0xb4,0xb8,0x00,0x00,
    0x00,0x00,0x00,0x00,0x00,0x00,0x01,0x1f,0xfa,0x00,0x00,0x00,0x00,0x00,0x00,0x00,
    0x00,0x00,0x10,0x00,0x00,0x50,0x00,0x2f,0xfb,0xc7,0xfc,0xc0,0x84,0x08,0x00,0x00,
    0x00,0x00,0x00,0x00,0x00,0x00,0x03,0x82,0x8c,0x01,0xf0,0x00,0x00,0x00,0x00,0x00,
    0x01,0x86,0x0f,0xc0,0x00,0x08,0x00,0x10,0x04,0x08,0x07,0xfe,0x2b,0x30,0x00,0x00,
    0x00,0x00,0x00,0x00,0x00,0x00,0x01,0x03,0x70,0x00,0x00,0x00,0x00,0x00,0x00,0x00,
    0x00,0x00,0x00,0x20,0x00,0x04,0x00,0x00,0x00,0x0f,0xfb,0xfe,0x0e,0xb0,0x00,0x00,
    0x00,0x00,0x00,0x00,0x00,0x00,0x02,0xfd,0xfe,0x00,0x00,0x00,0x00,0x00,0x00,0x00,
    0x00,0x00,0x11,0x60,0x00,0xec,0x00,0x4f,0xf0,0x1f,0xfe,0x03,0x82,0x10,0x00,0x00,
    0x00,0x00,0x00,0x00,0x00,0x00,0x02,0x3f,0xfc,0x00,0x00,0x00,0x00,0x00,0x00,0x00,
    0x01,0xc6,0x09,0x40,0x00,0x48,0x00,0x30,0x00,0x70,0x03,0xc4,0x2b,0xb0,0x00,0x00,
    0x00,0x00,0x00,0x00,0x00,0x00,0x03,0x87,0xc4,0x00,0x00,0x00,0x00,0x00,0x00,0x00,
    0x00,0x00,0x02,0x80,0x00,0x30,0x00,0x1f,0xf7,0x8f,0xfc,0x00,0x32,0x10,0x00,0x00,
    0x00,0x00,0x00,0x00,0x00,0x00,0x01,0xc0,0x20,0x00,0x78,0x00,0x00,0x00,0x00,0x00,
    0x01,0xc6,0x00,0x40,0x00,0x40,0x00,0x00,0x08,0x10,0x03,0xfc,0x04,0x60,0x00,0x00,
    0x00,0x00,0x00,0x00,0x00,0x00,0x01,0x80,0x10,0x00,0x00,0x00,0x00,0x00,0x00,0x00,
    0x00,0x00,0x04,0x00,0x00,0x00,0x00,0x00,0x00,0x1f,0xff,0xfc,0x46,0x60,0x00,0x00,
    0x00,0x00,0x00,0x00,0x00,0x00,0x02,0x7f,0xfc,0x00,0x00,0x00,0x00,0x00,0x00,0x00,
    0x00,0x00,0x07,0xa0,0x03,0x08,0x01,0x6b,0xe1,0x3f,0xfe,0x03,0x31,0x20,0x00,0x00,
    0x00,0x00,0x00,0x00,0x00,0x00,0x01,0x0f,0x90,0x00,0x00,0x00,0x00,0x00,0x00,0x00,
    0x00,0xc0,0x05,0x80,0x01,0x18,0x01,0xd0,0x01,0xb0,0x03,0x8c,0x05,0x60,0x00,0x00,
    0x00,0x00,0x00,0x00,0x00,0x00,0x01,0xc0,0x00,0x00,0x00,0x00,0x00,0x00,0x00,0x00,
    0x00,0x00,0x05,0x40,0x00,0x08,0x01,0x3b,0xee,0x1f,0xfe,0x00,0x39,0x20,0x00,0x00,
    0x00,0x00,0x00,0x00,0x00,0x00,0x00,0xf0,0x68,0x1e,0x18,0x00,0x00,0x00,0x00,0x00,
    0x00,0xc0,0x00,0x00,0x00,0xc0,0x00,0x44,0x10,0x70,0x03,0xfc,0x42,0xc0,0x00,0x00,
    0x00,0x00,0x00,0x00,0x00,0x00,0x00,0xc0,0x08,0x00,0x00,0x00,0x00,0x00,0x00,0x00,
    0x00,0x00,0x00,0x00,0x00,0x20,0x00,0x00,0x00,0x6f,0xfd,0xfc,0x83,0xc0,0x00,0x00,
    0x00,0x00,0x00,0x00,0x00,0x00,0x01,0x3f,0xf0,0x00,0x00,0x00,0x00,0x00,0x00,0x00,
    0x00,0x00,0x00,0xb0,0x14,0x20,0x05,0x10,0x01,0x7f,0xf9,0x84,0x18,0x40,0x00,0x00,
    0x00,0x00,0x00,0x00,0x00,0x00,0x00,0x80,0x20,0x00,0x00,0x00,0x00,0x00,0x00,0x00,
    0x00,0x60,0x00,0x20,0x0c,0x40,0x07,0xe0,0x02,0xfc,0x06,0x1a,0x03,0xc0,0x00,0x00,
    0x00,0x00,0x00,0x00,0x00,0x00,0x00,0xbf,0x20,0x00,0x00,0x00,0x00,0x00,0x00,0x00,
    0x00,0x00,0x00,0x40,0x00,0x80,0x04,0xf0,0x3c,0xff,0xfc,0x00,0x9c,0x40,0x00,0x00,
    0x00,0x00,0x00,0x00,0x00,0x00,0x00,0x7f,0xc0,0x07,0x9c,0x00,0x00,0x00,0x00,0x00,
    0x00,0x60,0x00,0x20,0x03,0x00,0x01,0x0f,0xc0,0x7c,0x02,0x78,0x61,0x80,0x00,0x00,
    0x00,0x00,0x00,0x00,0x00,0x00,0x00,0x3f,0x00,0x00,0x00,0x00,0x00,0x00,0x00,0x00,
    0x00,0x00,0x00,0x00,0x00,0x00,0x00,0x00,0x00,0x83,0xfe,0x79,0x01,0x80,0x00,0x00,
    0x00,0x00,0x00,0x00,0x00,0x00,0x00,0xc0,0xe0,0x00,0x00,0x00,0x00,0x00,0x00,0x00,
    0x00,0x00,0x00,0x08,0x20,0x80,0x14,0x90,0x0f,0x3f,0xe4,0xf8,0x1d,0x40,0x00,0x00,
    0x00,0x01,0x20,0x00,0x00,0x00,0x00,0x3f,0x80,0x00,0x00,0x00,0x00,0x00,0x00,0x00,
    0x00,0x38,0x00,0x5f,0xe1,0x00,0x1f,0x60,0x0a,0x7f,0xfc,0x9c,0x01,0x80,0x00,0x00,
    0x00,0x01,0xa0,0x00,0x00,0x00,0x00,0x31,0x80,0x00,0x00,0x00,0x00,0x00,0x00,0x00,
    0x00,0x00,0x00,0x20,0x10,0x00,0x13,0xf7,0xe2,0x5f,0xd4,0x99,0xdc,0x00,0x00,0x00,
    0x00,0x01,0x20,0x00,0x00,0x00,0x00,0x00,0x00,0x01,0x8c,0x00,0x00,0x00,0x00,0x00,
    0x00,0x38,0x00,0x00,0x0c,0x00,0x04,0x08,0x00,0xbf,0xe8,0x00,0x22,0x00,0x00,0x00,
    0x00,0x00,0xc0,0x00,0x00,0x00,0x00,0x00,0x00,0x00,0x00,0x00,0x00,0x00,0x00,0x00,
    0x00,0x00,0x00,0x10,0x02,0x00,0x00,0x00,0x10,0xe0,0x38,0x02,0x00,0x00,0x00,0x00,
    0x00,0x00,0xc0,0x00,0x00,0x00,0x00,0x3f,0x80,0x00,0x00,0x00,0x00,0x00,0x00,0x00,
    0x00,0x00,0x00,0x30,0x0a,0x00,0x31,0xb0,0x38,0x40,0x20,0x1a,0x0e,0x40,0x00,0x00,
    0x00,0x05,0x40,0x00,0xc8,0x00,0x00,0x00,0x00,0x00,0x00,0x00,0x00,0x00,0x00,0x00,
    0x00,0x18,0x00,0x10,0x0c,0x00,0x1e,0x40,0x28,0x70,0xc0,0x1e,0x00,0x00,0x00,0x00,
    0x00,0x05,0x60,0x00,0xe0,0x00,0x00,0x00,0x00,0x00,0x00,0x00,0x00,0x00,0x00,0x00,
    0x00,0x00,0x00,0x08,0x20,0x00,0x07,0xf7,0x88,0x40,0x00,0x19,0xce,0x80,0x00,0x00,
    0x00,0x04,0xc0,0x00,0xc0,0x00,0x00,0x00,0x00,0x1c,0xcc,0x00,0x00,0x00,0x00,0x00,
    0x00,0x18,0x00,0x07,0xc0,0x00,0x10,0x08,0x00,0x2f,0x40,0x00,0x31,0x00,0x00,0x00,
    0x00,0x03,0xe0,0x00,0x30,0x00,0x00,0x00,0x00,0x00,0x00,0x00,0x00,0x00,0x00,0x00,
    0x00,0x00,0x00,0x00,0x10,0x00,0x08,0x00,0x40,0x2f,0x40,0x00,0x00,0x00,0x00,0x00,
    0x00,0x03,0x20,0x00,0x30,0x00,0x00,0x00,0x00,0x00,0x00,0x00,0x00,0x00,0x00,0x00,
    0x00,0x00,0x00,0x08,0x30,0x00,0x87,0xf0,0xe0,0x00,0x00,0x02,0x0e,0x40,0x00,0x00,
    0x00,0x0c,0xe0,0x01,0xcc,0x00,0x00,0x00,0x00,0x00,0x00,0x00,0x00,0x00,0x00,0x00,
    0x00,0x00,0x00,0x07,0xc0,0x00,0xf8,0x00,0xa0,0x00,0x00,0x03,0x00,0x80,0x00,0x00,
    0x00,0x0d,0x00,0x00,0xcc,0x00,0x00,0x00,0x00,0x00,0x00,0x00,0x00,0x00,0x00,0x00,
    0x00,0x00,0x00,0x00,0x00,0x00,0x9f,0xf6,0x20,0x00,0x00,0x02,0x4e,0x00,0x00,0x00,
    0x00,0x0e,0x00,0x00,0xb4,0x00,0x00,0x00,0x00,0x06,0xcc,0x00,0x00,0x00,0x00,0x00,
    0x00,0x00,0x00,0x00,0x00,0x00,0x00,0x08,0x00,0x00,0x00,0x00,0x31,0x00,0x00,0x00,
    0x00,0x03,0xc0,0x00,0x78,0x00,0x00,0x00,0x00,0x00,0x00,0x00,0x00,0x00,0x00,0x00,
    0x00,0x00,0x00,0x00,0x00,0x00,0x20,0x01,0x00,0x00,0x00,0x00,0x80,0x80,0x00,0x00,
    0x00,0x04,0x00,0x00,0xc0,0x00,0x00,0x00,0x00,0x00,0x00,0x00,0x00,0x00,0x00,0x00,
    0x00,0x00,0x00,0x00,0x00,0x01,0x9f,0xf0,0x80,0x00,0x00,0x00,0x1f,0x40,0x00,0x00,
    0x00,0x13,0xe0,0x05,0x3c,0x00,0x00,0x00,0x00,0xe0,0x00,0x00,0x00,0x00,0x00,0x00,
    0x00,0x00,0x00,0x00,0x00,0x00,0xe0,0x01,0x80,0x00,0x00,0x01,0x00,0x80,0x00,0x00,
    0x00,0x08,0x00,0x05,0x4c,0x00,0x00,0x00,0x00,0x80,0x00,0x00,0x00,0x00,0x00,0x00,
    0x00,0x00,0x00,0x00,0x00,0x00,0x3f,0xf6,0x80,0x00,0x00,0x00,0xdf,0x00,0x00,0x00,
    0x00,0x0c,0x00,0x04,0x84,0x00,0x00,0x00,0x00,0x82,0x4c,0x00,0x00,0x00,0x00,0x00,
    0x00,0x00,0x00,0x00,0x00,0x00,0x80,0x08,0x00,0x00,0x00,0x00,0x20,0x00,0x00,0x00,
    0x00,0x07,0xc0,0x03,0xf8,0x00,0x00,0x00,0x00,0x00,0x00,0x00,0x00,0x00,0x00,0x00,
    0x00,0x00,0x00,0x00,0x00,0x00,0x40,0x00,0x00,0x00,0x00,0x00,0x00,0x80,0x00,0x00,
    0x00,0x08,0x00,0x03,0x00,0x00,0x00,0x00,0x00,0x00,0x00,0x00,0x00,0x00,0x00,0x00,
    0x00,0x00,0x00,0x00,0x00,0x03,0x3f,0xe3,0x00,0x00,0x00,0x02,0x1f,0xc0,0x00,0x00,
    0x00,0x27,0xa0,0x0c,0xf4,0x00,0x00,0x00,0x01,0xf0,0x00,0x00,0x00,0x00,0x00,0x00,
    0x00,0x00,0x00,0x00,0x00,0x01,0xc0,0x02,0x00,0x00,0x00,0x00,0x00,0xc0,0x00,0x00,
    0x00,0x30,0x60,0x0d,0x04,0x00,0x00,0x00,0x01,0xe0,0x00,0x00,0x00,0x00,0x00,0x00,
    0x00,0x00,0x00,0x00,0x00,0x00,0xff,0xec,0x00,0x00,0x00,0x00,0xdf,0x40,0x00,0x00,
    0x00,0x38,0x20,0x0e,0x04,0x00,0x00,0x00,0x01,0xc2,0x48,0x00,0x00,0x00,0x00,0x00,
    0x00,0x00,0x00,0x00,0x00,0x01,0x00,0x10,0x00,0x00,0x00,0x00,0x20,0x80,0x00,0x00,
    0x00,0x0f,0x80,0x03,0xf8,0x00,0x00,0x00,0x00,0x60,0x00,0x00,0x00,0x00,0x00,0x00,
    0x00,0x00,0x00,0x00,0x00,0x00,0x00,0x00,0x00,0x00,0x00,0x01,0x00,0x00,0x00,0x00,
    0x00,0x10,0x40,0x04,0x08,0x00,0x00,0x00,0x00,0xa0,0x00,0x00,0x00,0x00,0x00,0x00,
    0x00,0x00,0x00,0x00,0x00,0x08,0xfc,0xc0,0x00,0x00,0x00,0x06,0x3f,0x00,0x00,0x00,
    0x00,0x6f,0xe0,0x13,0xf4,0x00,0x00,0x00,0x00,0x68,0x00,0x00,0x07,0x00,0x00,0x00,
    0x00,0x00,0x00,0x00,0x00,0x0f,0x03,0x02,0x00,0x00,0x00,0x06,0x00,0x80,0x00,0x00,
    0x00,0x60,0x60,0x10,0x0c,0x00,0x00,0x00,0x00,0x88,0x00,0x00,0x07,0x00,0x00,0x00,
    0x00,0x00,0x00,0x00,0x00,0x09,0xff,0xdc,0x00,0x00,0x00,0x05,0xbf,0x00,0x00,0x00,
    0x00,0x70,0x20,0x14,0x04,0x00,0x00,0x00,0x00,0x0a,0x00,0x00,0x07,0x00,0x00,0x00,
    0x00,0x00,0x00,0x00,0x00,0x00,0x00,0x20,0x00,0x00,0x00,0x00,0x40,0x00,0x00,0x00,
    0x00,0x1f,0xc0,0x0f,0xf0,0x00,0x00,0x00,0x01,0xf0,0x00,0x00,0x00,0x00,0x00,0x00,
    0x00,0x00,0x00,0x00,0x00,0x02,0x00,0x00,0x00,0x00,0x00,0x00,0x00,0x00,0x00,0x00,
    0x00,0x20,0x00,0x08,0x00,0x00,0x00,0x00,0x01,0x10,0x00,0x00,0x00,0x00,0x00,0x00,
    0x00,0x00,0x00,0x00,0x00,0x11,0xf0,0x82,0x00,0x00,0x00,0x00,0x7f,0x80,0x00,0x00,
    0x00,0x1f,0xa0,0x1f,0xf8,0x00,0x00,0x00,0x03,0xe0,0x00,0x00,0x2a,0x40,0x00,0x00,
    0x00,0x00,0x00,0x00,0x00,0x1e,0x0f,0x00,0x00,0x00,0x00,0x04,0x01,0x80,0x00,0x00,
    0x00,0x40,0x60,0x08,0x00,0x00,0x00,0x00,0x03,0x10,0x00,0x00,0x3f,0x40,0x00,0x00,
    0x00,0x00,0x00,0x00,0x00,0x13,0xff,0xb8,0x00,0x00,0x00,0x03,0xfe,0x80,0x00,0x00,
    0x00,0x20,0x20,0x08,0x00,0x00,0x00,0x00,0x02,0x00,0x00,0x00,0x2d,0x40,0x00,0x00,
    0x00,0x00,0x00,0x00,0x00,0x00,0x00,0x40,0x00,0x00,0x00,0x00,0x00,0x00,0x00,0x00,
    0x00,0x7f,0x80,0x0f,0xf0,0x00,0x00,0x00,0x01,0xe0,0x00,0x00,0x12,0x80,0x00,0x00,
    0x00,0x00,0x00,0x00,0x00,0x04,0x00,0x04,0x00,0x00,0x00,0x00,0x00,0x00,0x00,0x00,
    0x00,0x40,0x00,0x00,0x00,0x00,0x00,0x00,0x00,0x00,0x00,0x00,0x1f,0x80,0x00,0x00,
    0x00,0x00,0x00,0x00,0x00,0x33,0xc6,0x06,0x00,0x00,0x00,0x08,0x7d,0x00,0x00,0x00,
    0x00,0xdf,0xc0,0x0f,0xf8,0x00,0x00,0x07,0xc0,0xd0,0x00,0x00,0xb2,0x20,0x00,0x00,
    0x00,0x00,0x00,0x00,0x00,0x3c,0x38,0x06,0x00,0x00,0x00,0x00,0x00,0x00,0x00,0x00,
    0x00,0xe0,0x00,0x18,0x18,0x00,0x00,0x07,0xc1,0x10,0x00,0x00,0xbd,0xe0,0x00,0x00,
    0x00,0x00,0x00,0x00,0x00,0x2f,0xfe,0x7a,0x00,0x00,0x00,0x07,0x7c,0x00,0x00,0x00,
    0x00,0x80,0x00,0x00,0x08,0x00,0x00,0x07,0xc0,0x10,0x00,0x00,0x90,0x60,0x00,0x00,
    0x00,0x00,0x00,0x00,0x00,0x10,0x01,0x80,0x00,0x00,0x00,0x00,0x80,0x00,0x00,0x00,
    0x00,0x7f,0x80,0x1f,0xf0,0x00,0x00,0x00,0x00,0xe0,0x00,0x00,0x7f,0x80,0x00,0x00,
    0x00,0x00,0x00,0x00,0x00,0x00,0x00,0x00,0x00,0x00,0x00,0x00,0x02,0x00,0x00,0x00,
    0x00,0x40,0x00,0x18,0x00,0x00,0x00,0x00,0x00,0x20,0x00,0x00,0x60,0x40,0x00,0x00,
    0x00,0x00,0x00,0x00,0x00,0x67,0xe0,0x00,0x00,0x00,0x00,0x10,0xf3,0x70,0x00,0x00,
    0x00,0x9f,0x40,0x1b,0xe8,0x00,0x00,0xcc,0x11,0xe0,0x02,0x60,0xbf,0xd0,0x00,0x00,
    0x00,0x00,0x00,0x00,0x00,0x78,0x00,0x04,0x00,0x00,0x00,0x00,0x01,0x70,0x00,0x00,
    0x00,0xa0,0xc0,0x1c,0x08,0x00,0x00,0xaf,0xf1,0x20,0x01,0x21,0x80,0x10,0x00,0x00,
    0x00,0x00,0x00,0x00,0x00,0x5f,0xe3,0xf8,0x00,0x00,0x00,0x06,0xf1,0x70,0x00,0x00,
    0x00,0x80,0x40,0x18,0x08,0x00,0x00,0x8f,0xd1,0x20,0x00,0x20,0x40,0x10,0x00,0x00,
    0x00,0x00,0x00,0x00,0x00,0x20,0x1c,0x00,0x00,0x00,0x00,0x01,0x08,0x00,0x00,0x00,
    0x00,0x5f,0x00,0x03,0xf0,0x00,0x00,0x30,0x20,0x00,0x01,0x81,0xff,0xe0,0x00,0x00,
    0x00,0x00,0x00,0x00,0x00,0x00,0x00,0x00,0x00,0x00,0x00,0x08,0x04,0x00,0x00,0x00,
    0x00,0x60,0x80,0x00,0x10,0x00,0x00,0x3f,0xe0,0x00,0x01,0x81,0x80,0x20,0x00,0x00,
    0x00,0x00,0x00,0x00,0x00,0xd8,0x47,0x84,0x00,0x00,0x00,0x21,0xc1,0xf9,0x80,0x00,
    0x00,0x7f,0xcf,0x83,0xe8,0x00,0x91,0xe0,0xb0,0x02,0x4a,0x61,0x7f,0xf0,0x00,0x00,
    0x00,0x00,0x00,0x00,0x00,0xe0,0x07,0x80,0x00,0x00,0x00,0x00,0x0f,0xfa,0x80,0x00,
    0x00,0x40,0xcd,0x86,0x18,0x00,0xf1,0xff,0x70,0x03,0xca,0xe3,0x80,0x30,0x00,0x00,
    0x00,0x00,0x00,0x00,0x00,0xb8,0x40,0x78,0x00,0x00,0x00,0x0d,0xc0,0x00,0x80,0x00,
    0x00,0x40,0x4d,0x82,0x08,0x00,0x91,0xa0,0x10,0x02,0x49,0x20,0x00,0x10,0x00,0x00,
    0x00,0x00,0x00,0x00,0x00,0x47,0xb0,0x00,0x00,0x00,0x00,0x02,0x21,0xfc,0x00,0x00,
    0x00,0x1f,0x80,0x07,0xe0,0x00,0x60,0x7f,0xe0,0x01,0x87,0xc3,0xff,0xe0,0x00,0x00,
    0x00,0x00,0x00,0x00,0x00,0x00,0x08,0x00,0x00,0x00,0x00,0x10,0x10,0x04,0x00,0x00,
    0x00,0x00,0x00,0x04,0x00,0x00,0x60,0xc0,0x00,0x01,0x86,0x43,0x00,0x00,0x00,0x00,
    0x00,0x00,0x00,0x00,0x01,0xe2,0x01,0x24,0x00,0x00,0x00,0x43,0x30,0x00,0xa0,0x00,
    0x00,0x0f,0x77,0x41,0xf1,0xa0,0x63,0x7f,0xd1,0x66,0xdf,0xe2,0xef,0xd0,0x00,0x00,
    0x00,0x00,0x00,0x00,0x01,0x81,0xff,0xe0,0x00,0x00,0x00,0x00,0x3f,0xff,0xc0,0x00,
    0x00,0x30,0xe7,0xc6,0x01,0xe1,0xf3,0x00,0x11,0xa2,0x9c,0x27,0x18,0x30,0x00,0x00,
    0x00,0x00,0x00,0x00,0x01,0x23,0xf8,0x10,0x00,0x00,0x00,0x1b,0x47,0xfe,0x00,0x00,
    0x00,0x00,0x62,0x40,0x01,0xa0,0xe3,0x80,0x11,0x21,0x9c,0x22,0x08,0x10,0x00,0x00,
    0x00,0x00,0x00,0x00,0x00,0xdc,0x01,0x00,0x00,0x00,0x00,0x04,0xb0,0x00,0x80,0x00,
    0x00,0x3f,0x0f,0x87,0xe0,0x41,0x70,0xff,0xe0,0x83,0x87,0xc7,0xe3,0xc0,0x00,0x00,
    0x00,0x00,0x00,0x00,0x00,0x00,0x06,0x08,0x00,0x00,0x00,0x20,0x08,0x01,0x00,0x00,
    0x00,0x20,0x0d,0x84,0x00,0x41,0x91,0x00,0x20,0x82,0x08,0x04,0x00,0x20,0x00,0x00,
    0x00,0x00,0x00,0x00,0x03,0xd0,0x00,0x84,0x00,0x00,0x00,0xc0,0x46,0x06,0x08,0x00,
    0x00,0x0f,0xd6,0xa1,0xf3,0xf3,0x69,0xff,0xb1,0xe5,0xe7,0xed,0xff,0xd0,0x00,0x00,
    0x00,0x00,0x00,0x00,0x03,0x0f,0xff,0x7c,0x00,0x00,0x00,0x40,0x39,0xf9,0xe0,0x00,
    0x00,0x10,0x59,0xe2,0x31,0xf1,0x99,0x00,0x73,0xc6,0x38,0x66,0x1e,0x30,0x00,0x00,
    0x00,0x00,0x00,0x00,0x02,0x5f,0xff,0x04,0x00,0x00,0x00,0x38,0x7f,0xff,0xc0,0x00,
    0x00,0x00,0x40,0xa0,0x11,0x50,0x09,0x00,0x30,0x84,0x30,0x20,0x1c,0x10,0x00,0x00,
    0x00,0x00,0x00,0x00,0x00,0xa0,0x00,0x80,0x00,0x00,0x00,0x07,0x80,0x00,0x10,0x00,
    0x00,0x3f,0x3f,0xc7,0xe0,0xe1,0xe3,0xff,0x83,0xc3,0x8f,0xc7,0xc3,0xc0,0x00,0x00,
    0x00,0x00,0x00,0x00,0x00,0x00,0x00,0x40,0x00,0x00,0x00,0x00,0x00,0x00,0x30,0x00,
    0x00,0x20,0x30,0x44,0x01,0x81,0x02,0x00,0x43,0x44,0x10,0x04,0x00,0x20,0x00,0x00,
    0x00,0x00,0x00,0x00,0x05,0x60,0x00,0x3c,0x00,0x00,0x01,0x83,0xfe,0x04,0x00,0x00,
    0x00,0x4e,0xbf,0xa3,0xd2,0xf0,0xff,0xff,0xe7,0xef,0xcf,0xfb,0xe7,0xd0,0x00,0x00,
    0x00,0x00,0x00,0x00,0x06,0x9f,0xff,0xd4,0x00,0x00,0x00,0x80,0x01,0xfb,0xfc,0x00,
    0x00,0x71,0xa0,0x64,0x16,0x31,0x0e,0x00,0x22,0x0c,0x30,0x7c,0x22,0x30,0x00,0x00,
    0x00,0x00,0x00,0x00,0x04,0xff,0xff,0xc4,0x00,0x00,0x00,0x73,0xff,0xff,0xf0,0x00,
    0x00,0x60,0xa0,0x24,0x11,0x10,0x0c,0x00,0x20,0x08,0x20,0x38,0x20,0x10,0x00,0x00,
    0x00,0x00,0x00,0x00,0x01,0x00,0x00,0x30,0x00,0x00,0x00,0x0c,0x00,0x00,0x04,0x00,
    0x00,0x1e,0x7f,0x83,0xe7,0xe3,0xe3,0xff,0x83,0xc7,0x9f,0xc7,0x83,0xc0,0x00,0x00,
    0x00,0x00,0x00,0x00,0x00,0x00,0x00,0x00,0x00,0x00,0x00,0x00,0x00,0x00,0x0c,0x00,
    0x00,0x21,0x40,0x44,0x26,0x02,0x02,0x00,0x02,0x04,0x20,0x08,0x02,0x20,0x00,0x00,
    0x00,0x00,0x3f,0xff,0xf0,0x90,0x00,0x14,0x00,0x00,0x03,0x07,0xfe,0x00,0x20,0x00,
    0x00,0x7f,0x3f,0xcf,0xd5,0xd5,0xf7,0x3f,0x41,0xef,0xff,0xbf,0x43,0xf0,0x00,0x00,
    0x00,0x00,0x00,0x00,0x0f,0x6f,0xff,0xe8,0x00,0x00,0x03,0x00,0x01,0xff,0xde,0x00,
    0x00,0x61,0x40,0x2c,0x3e,0x16,0x17,0x50,0xc2,0x64,0x40,0x68,0x44,0x30,0x00,0x00,
    0x00,0x00,0x3f,0xff,0xf1,0xff,0xff,0xe0,0x00,0x00,0x02,0xe7,0xff,0xfd,0xf0,0x00,
    0x00,0x40,0x00,0x08,0x10,0x16,0x14,0x00,0x40,0x24,0x00,0x20,0x40,0x10,0x00,0x00,
    0x00,0x00,0x3f,0xff,0xe8,0x00,0x00,0x10,0x00,0x00,0x00,0x18,0x00,0x00,0x00,0x00,
    0x00,0x3f,0xff,0xc7,0xcf,0xe1,0xe3,0x9f,0x07,0xc7,0xff,0x8f,0x83,0xe0,0x00,0x00,
    0x00,0x00,0x3f,0xff,0xfa,0x00,0x00,0x08,0x00,0x00,0x00,0x00,0x00,0x02,0x0c,0x00,
    0x00,0x20,0x80,0x04,0x0c,0x22,0x00,0x80,0x04,0x00,0x00,0x08,0x80,0x00,0x00,0x00,
    0x00,0x0f,0xff,0xff,0xe8,0x38,0x00,0x02,0x00,0x00,0x00,0x1f,0xfe,0x09,0xc1,0x00,
    0x00,0x7e,0xff,0xdf,0xf3,0xd7,0xf7,0xff,0x83,0xe3,0xff,0xe7,0x8f,0xf0,0x00,0x00,
    0x00,0x00,0x00,0x00,0x07,0xc7,0xff,0xfc,0x00,0x00,0x02,0x00,0x01,0xf7,0x3e,0x00,
    0x00,0x21,0x00,0x14,0x1c,0x36,0x37,0xc1,0x80,0x6c,0x00,0x28,0x0c,0x30,0x00,0x00,
    0x00,0x0f,0xff,0xff,0xe3,0xff,0xff,0xf8,0x00,0x00,0x01,0xdf,0xff,0xfc,0xf0,0x00,
    0x00,0x00,0x00,0x10,0x18,0x14,0x17,0xc0,0x80,0x20,0x00,0x20,0x08,0x10,0x00,0x00,
    0x00,0x0f,0xff,0xff,0xe0,0x00,0x00,0x00,0x00,0x00,0x00,0x20,0x00,0x01,0x00,0x00,
    0x00,0x3e,0xff,0xe7,0xc7,0xc3,0xe0,0x1f,0x07,0xcf,0xff,0x9f,0x07,0xc0,0x00,0x00,
    0x00,0x0f,0xff,0xff,0xe4,0x00,0x00,0x04,0x00,0x00,0x00,0x00,0x00,0x02,0x0e,0x00,
    0x00,0x21,0x00,0x24,0x08,0x02,0x00,0x00,0x04,0x08,0x00,0x10,0x04,0x00,0x00,0x00,
    0x00,0x1f,0xff,0xff,0x99,0xf8,0x80,0x13,0x00,0x00,0x04,0x3f,0xff,0x0d,0x05,0x80,
    0x00,0x1f,0xef,0xfb,0xf7,0xe3,0xd0,0x7f,0x8f,0xa7,0xcf,0x6f,0x97,0xd0,0x00,0x00,
    0x00,0x00,0x00,0x00,0x1e,0x07,0x3f,0xce,0x00,0x00,0x00,0x00,0x00,0xf3,0x7f,0x80,
    0x00,0x60,0x10,0x34,0x70,0x04,0x30,0x60,0x8c,0x60,0x38,0xe0,0x18,0x30,0x00,0x00,
    0x00,0x1f,0xff,0xff,0x97,0xff,0xbf,0x9c,0x00,0x00,0x03,0xff,0xff,0xfe,0xf8,0x80,
    0x00,0x00,0x00,0x10,0x30,0x00,0x10,0x40,0x88,0x20,0x00,0x60,0x18,0x10,0x00,0x00,
    0x00,0x1f,0xff,0xff,0x80,0x00,0x40,0x22,0x00,0x00,0x00,0x00,0x00,0x01,0x05,0x00,
    0x00,0x7f,0xef,0xe7,0xcf,0xc7,0xc0,0x3e,0x07,0x8f,0xcf,0x1f,0x07,0xc0,0x00,0x00,
    0x00,0x1f,0xff,0xff,0x80,0x00,0x00,0x40,0x00,0x00,0x00,0x00,0x00,0x00,0x02,0x00,
    0x00,0x40,0x10,0x00,0x08,0x04,0x00,0x20,0x00,0x08,0x20,0x90,0x08,0x00,0x00,0x00,
    0x00,0x03,0xff,0xfc,0x03,0xf8,0xe0,0x20,0x00,0x00,0x0c,0x1f,0xff,0xc8,0xc2,0x00,
    0x00,0x1f,0xb7,0xd7,0xef,0xe3,0xf0,0xbd,0x0f,0xdf,0xbf,0xff,0x7f,0xe0,0x00,0x00,
    0x00,0x00,0x00,0x00,0x1c,0x07,0x5f,0xfe,0x00,0x00,0x0c,0x00,0x00,0x37,0xbf,0x80,
    0x00,0x20,0x58,0x38,0x6c,0x60,0x10,0x83,0x0c,0x18,0x58,0xf0,0xd0,0x00,0x00,0x00,
    0x00,0x03,0xff,0xfc,0x07,0xff,0xbf,0x9e,0x00,0x00,0x0b,0xdf,0xff,0xfe,0x79,0x00,
    0x00,0x00,0x10,0x10,0x28,0x20,0x10,0x81,0x08,0x10,0x10,0x60,0x40,0x00,0x00,0x00,
    0x00,0x03,0xff,0xfc,0x00,0x00,0x40,0x21,0x00,0x00,0x00,0x20,0x00,0x00,0x00,0x00,
    0x00,0x7f,0x87,0xcf,0xc7,0xc7,0xc0,0x7c,0x07,0x8f,0x8f,0x9f,0x1f,0xc0,0x00,0x00,
    0x00,0x03,0xff,0xfc,0x08,0x00,0x00,0x41,0x00,0x00,0x00,0x00,0x00,0x01,0x04,0x00,
    0x00,0x40,0x00,0x28,0x00,0x04,0x00,0x40,0x04,0x00,0x40,0x00,0x00,0x00,0x00,0x00,
    0x00,0x00,0x07,0xfe,0x36,0xfc,0x40,0x20,0x87,0xff,0xe8,0x0f,0xff,0xf8,0xba,0xc0,
    0x00,0x3f,0x6f,0xd7,0xab,0xaf,0xa0,0x7e,0x0f,0x57,0xb7,0x7f,0x3f,0xa0,0x00,0x00,
    0x00,0x00,0x00,0x00,0x39,0x03,0xdf,0xff,0x00,0x00,0x10,0x00,0x00,0x07,0x87,0x80,
    0x00,0x00,0xec,0x30,0x6c,0x2c,0x40,0x86,0x00,0xd8,0x78,0xf0,0xc0,0x60,0x00,0x00,
    0x00,0x00,0x07,0xfe,0x2f,0xff,0xbf,0xce,0x07,0xff,0xf7,0xcf,0xff,0xff,0x7d,0x00,
    0x00,0x00,0x68,0x10,0x28,0x28,0x00,0x02,0x00,0x50,0x30,0x60,0x00,0x20,0x00,0x00,
    0x00,0x00,0x07,0xfe,0x10,0x00,0x40,0x20,0x07,0xff,0xe0,0x30,0x00,0x00,0x00,0x80,
    0x00,0x7f,0x07,0xcf,0x83,0xc7,0x80,0x7c,0x07,0x07,0x87,0x1f,0x3f,0x80,0x00,0x00,
    0x00,0x00,0x07,0xfe,0x00,0x00,0x00,0x11,0x07,0xff,0xf0,0x00,0x00,0x00,0x00,0x00,
    0x00,0x40,0x00,0x28,0x04,0x40,0x40,0x00,0x00,0x88,0x08,0x00,0xc0,0x40,0x00,0x00,
    0x00,0x00,0x00,0x00,0xa4,0x7c,0x60,0x36,0x3f,0xff,0xe8,0x03,0xff,0xfc,0xfa,0xbf,
    0x00,0xfe,0x8f,0xff,0xcf,0xa7,0xe1,0xf6,0x77,0xdf,0xd7,0x7f,0xf3,0xe0,0x00,0x00,
    0x00,0x00,0x00,0x00,0x4b,0x83,0xff,0xf9,0xc0,0x00,0x10,0x00,0x00,0x03,0xc6,0xc0,
    0x00,0xc1,0x8c,0x38,0x00,0x68,0x60,0x0a,0x78,0xc0,0xc8,0xb0,0x0c,0x60,0x00,0x00,
    0x00,0x00,0x00,0x00,0xcf,0xff,0x9f,0xcf,0x7f,0xff,0xf3,0xf3,0xff,0xff,0x3d,0x3f,
    0x00,0x80,0x88,0x10,0x00,0x20,0x20,0x02,0x70,0x40,0x40,0x20,0x00,0x20,0x00,0x00,
    0x00,0x00,0x00,0x00,0x90,0x00,0x40,0x30,0x3f,0xff,0xe0,0x0c,0x00,0x00,0x80,0xff,
    0x00,0x7e,0x07,0xef,0x87,0x8f,0xc0,0xf0,0x07,0x8f,0x87,0x1f,0xf3,0xc0,0x00,0x00,
    0x00,0x00,0x00,0x00,0xc0,0x00,0x00,0x00,0x7f,0xff,0xf4,0x00,0x00,0x00,0x00,0x7f,
    0x00,0x00,0x00,0x00,0x00,0x08,0x00,0x08,0x00,0x00,0x08,0x00,0x0c,0x00,0x00,0x00,
    0x00,0x00,0x00,0x00,0x0c,0x68,0x00,0x0e,0x7f,0xff,0xf9,0x00,0x3f,0xfe,0xd0,0x3f,
    0xe0,0xfd,0x0f,0xff,0x47,0xff,0xfb,0xff,0x67,0xef,0x5f,0x3f,0xf3,0xa0,0x00,0x00,
    0x00,0x00,0x00,0x00,0x23,0x97,0xbf,0xd1,0xc0,0x00,0x0f,0x00,0x00,0x01,0xe2,0x40,
    0x00,0xc1,0x0c,0x38,0xc8,0x38,0x7b,0x06,0xf8,0xf0,0xc0,0xe0,0x1c,0x60,0x00,0x00,
    0x00,0x00,0x00,0x00,0x0f,0xff,0xdf,0xef,0x7f,0xff,0xf8,0x7c,0x3f,0xff,0x30,0x3f,
    0xe0,0x83,0x08,0x10,0x40,0xb0,0x3a,0x16,0x03,0x61,0x46,0x08,0x00,0x20,0x00,0x00,
    0x00,0x00,0x00,0x00,0x10,0x00,0x00,0x00,0x3f,0xff,0xf4,0x03,0xc0,0x00,0x0c,0x7f,
    0xe0,0x7c,0x07,0xef,0x0f,0x0f,0xc1,0xe0,0x64,0x0e,0x09,0x27,0xf3,0x80,0x00,0x00,
    0x00,0x00,0x00,0x00,0x00,0x00,0x00,0x00,0x7f,0xff,0xfc,0x80,0x00,0x00,0x01,0xff,
    0xe0,0x00,0x00,0x00,0x88,0x00,0x00,0x00,0x00,0x00,0x00,0xc0,0x04,0x00,0x00,0x00,
    0x00,0x00,0x00,0x00,0x84,0x78,0x10,0x08,0x7f,0xff,0xfe,0x18,0x00,0x30,0x41,0x3f,
    0xe0,0xbd,0x0f,0xd7,0xc7,0xff,0xf5,0xf6,0xff,0xae,0x8f,0xd7,0x97,0xe0,0x00,0x00,
    0x00,0x00,0x00,0x00,0x63,0x87,0xaf,0xd7,0xc0,0x00,0x02,0xf8,0x00,0x00,0xc3,0x80,
    0x00,0x43,0x00,0x38,0xc8,0x30,0x5e,0x1f,0x10,0xd0,0x90,0x38,0x78,0x20,0x00,0x00,
    0x00,0x00,0x00,0x00,0xc7,0xff,0xdf,0xef,0x7f,0xff,0xfa,0x03,0xc0,0x30,0x0c,0x3f,
    0xe0,0x11,0x01,0xd2,0x43,0xa7,0x84,0xe0,0x07,0x07,0x87,0xd7,0x93,0xa0,0x00,0x00,
    0x00,0x00,0x00,0x00,0x98,0x00,0x00,0x00,0x3f,0xff,0xfd,0x80,0x3f,0xcf,0x30,0x7f,
    0xe0,0x2c,0x06,0x05,0x84,0x18,0x51,0x16,0xf0,0x88,0x08,0x00,0x04,0x00,0x00,0x00,
    0x00,0x00,0x00,0x00,0xc0,0x00,0x00,0x00,0x7f,0xff,0xff,0x84,0x00,0x00,0x00,0x7f,
    0xe0,0x40,0x00,0x08,0x00,0x00,0x00,0x01,0x00,0x00,0x00,0x00,0x40,0x00,0x00,0x00,
    0x00,0x00,0x00,0x07,0xd1,0x3c,0x10,0x40,0x7f,0xff,0xff,0xd0,0x70,0x00,0xda,0xff,
    0x80,0xbf,0x1f,0xbf,0xd7,0xff,0xfd,0xff,0xef,0xcf,0xbf,0x2f,0x7f,0xc0,0x00,0x00,
    0x00,0x00,0x00,0x00,0x30,0xc3,0xaf,0x90,0xc0,0x00,0x00,0x37,0xf0,0x00,0x5d,0x80,
    0x00,0x41,0x18,0x40,0xd0,0x60,0x0a,0x00,0x10,0x31,0xe0,0x7b,0xb8,0xc0,0x00,0x00,
    0x00,0x00,0x00,0x07,0xc9,0xff,0x9f,0xc1,0x7f,0xff,0xff,0xb0,0x01,0xfe,0x00,0xbf,
    0x80,0x3d,0x13,0x87,0x53,0x9f,0xf1,0xfb,0xe7,0xce,0xef,0x28,0x37,0x40,0x00,0x00,
    0x00,0x00,0x00,0x07,0xe6,0x00,0x00,0x0e,0x3f,0xff,0xff,0xc8,0x00,0x00,0x01,0x7f,
    0x80,0x00,0x0c,0x08,0x0c,0x60,0x00,0x04,0x00,0x00,0x00,0x90,0x08,0x00,0x00,0x00,
    0x00,0x00,0x00,0x07,0xe0,0x00,0x40,0x20,0x7f,0xff,0xff,0xf8,0x0e,0x01,0x21,0xff,
    0x80,0x40,0x00,0x40,0x08,0x00,0x02,0x00,0x00,0x00,0x60,0x10,0x00,0x00,0x00,0x00,
    0x00,0x00,0x00,0x0f,0xe0,0x00,0x40,0x20,0x7f,0xff,0xff,0xff,0x60,0x00,0x0b,0xfc,
    0x00,0xba,0x2f,0xff,0xf7,0xf7,0xed,0xff,0xf7,0x3d,0x79,0xf3,0x86,0xa0,0x00,0x00,
    0x00,0x00,0x00,0x00,0x18,0x00,0x60,0x31,0x80,0x00,0x00,0x00,0xef,0xff,0xcc,0x00,
    0x00,0x42,0x30,0x60,0xd0,0x00,0x06,0x00,0x38,0x70,0x89,0x6f,0x38,0x40,0x00,0x00,
    0x00,0x00,0x00,0x0f,0xc3,0x00,0x00,0x0c,0x3f,0xff,0xff,0xf8,0xe0,0x00,0x0d,0xfc,
    0x00,0x3e,0x27,0xaf,0x57,0xf7,0xf3,0xff,0xd7,0x2c,0x42,0x7b,0x0e,0x00,0x00,0x00,
    0x00,0x00,0x00,0x0f,0xf0,0xff,0x9f,0xc0,0xff,0xff,0xff,0xff,0x18,0x01,0xf3,0xfc,
    0x00,0x00,0x08,0x00,0x08,0x08,0x04,0x00,0x20,0x82,0xe4,0x14,0x61,0x60,0x00,0x00,
    0x00,0x00,0x00,0x0f,0xf4,0x00,0x00,0x02,0xff,0xff,0xff,0xff,0xf8,0x01,0xff,0xfc,
    0x00,0x40,0x00,0x00,0x08,0x00,0x00,0x00,0x00,0x00,0xe0,0x3c,0x60,0x60,0x00,0x00,
    0x00,0x00,0x00,0x0f,0xf9,0x00,0x20,0x68,0xff,0xff,0xff,0xff,0xff,0xff,0xff,0x80,
    0x00,0xfb,0x4f,0x6f,0x47,0xe3,0xcb,0xff,0x39,0xdf,0x6f,0x3f,0x0f,0xfe,0x00,0x00,
    0x00,0x00,0x00,0x00,0x0f,0x00,0x60,0x5e,0x00,0x00,0x00,0x00,0x00,0x00,0x00,0x00,
    0x00,0x03,0x70,0x30,0x78,0x08,0x14,0x00,0x71,0x6d,0x8f,0xc0,0xb1,0xc0,0x00,0x00,
    0x00,0x00,0x00,0x0f,0xe8,0x7f,0x9f,0x80,0x7f,0xff,0xff,0xff,0xfc,0x01,0xff,0x80,
    0x00,0x7f,0x4f,0xaf,0x87,0xe7,0xc3,0xff,0xb2,0x41,0xef,0x7c,0xce,0xfe,0x00,0x00,
    0x00,0x00,0x00,0x0f,0xf4,0x00,0x00,0x03,0xff,0xff,0xff,0xff,0xff,0xff,0xff,0x80,
    0x00,0x00,0x00,0x00,0x40,0x10,0x20,0x00,0x01,0x20,0x70,0xbf,0x41,0x3e,0x00,0x00,
    0x00,0x00,0x00,0x0f,0xfc,0x80,0x00,0x03,0xff,0xff,0xff,0xff,0xff,0xff,0xff,0x80,
    0x00,0x00,0x10,0x00,0x20,0x00,0x04,0x00,0x04,0x20,0xf0,0xff,0xd0,0x7e,0x00,0x00,
    0x00,0x00,0x00,0x01,0xfe,0x0f,0x58,0x1b,0xff,0xff,0xff,0xff,0xff,0xff,0xe0,0x00,
    0x00,0x79,0x7e,0x6f,0xdf,0xcb,0x1d,0xf2,0xc7,0xed,0xfa,0xfc,0x14,0xfc,0x00,0x00,
    0x00,0x00,0x00,0x00,0x02,0xff,0xbf,0xdc,0x00,0x00,0x00,0x00,0x00,0x00,0x00,0x00,
    0x00,0x82,0xc0,0xf0,0x00,0x18,0x38,0x03,0xfd,0x5f,0x0b,0x05,0xe1,0x00,0x00,0x00,
    0x00,0x00,0x00,0x01,0xfa,0x00,0x00,0x1d,0xff,0xff,0xff,0xff,0xff,0xff,0xe0,0x00,
    0x00,0x78,0x3e,0x6f,0xc7,0xef,0x15,0xf4,0xd5,0x4d,0x6b,0x76,0x14,0x3c,0x00,0x00,
    0x00,0x00,0x00,0x01,0xfd,0x80,0x00,0x63,0xff,0xff,0xff,0xff,0xff,0xff,0xe0,0x00,
    0x00,0x04,0x41,0x00,0x20,0x00,0x82,0x08,0x28,0x32,0xf4,0xfb,0x8a,0x7c,0x00,0x00,
    0x00,0x00,0x00,0x01,0xff,0x80,0x00,0x7f,0xff,0xff,0xff,0xff,0xff,0xff,0xe0,0x00,
    0x00,0x00,0x00,0x00,0x00,0x00,0x40,0x00,0x38,0x73,0xff,0xff,0xa0,0x7c,0x00,0x00,
    0x00,0x00,0x00,0x00,0x07,0xdd,0xfc,0xff,0xff,0xff,0xff,0xff,0xff,0xff,0xc0,0x00,
    0x00,0x7f,0xfc,0x8b,0x9c,0x7d,0x70,0x6f,0xb6,0x07,0x80,0x1b,0x63,0x00,0x00,0x00,
    0x00,0x00,0x00,0x00,0x00,0x7d,0xff,0x00,0x00,0x00,0x00,0x00,0x00,0x00,0x00,0x00,
    0x00,0x80,0x01,0x90,0x3c,0x5d,0xf8,0x77,0xaa,0x04,0x00,0x17,0x03,0x00,0x00,0x00,
    0x00,0x00,0x00,0x00,0x07,0x3d,0xff,0x3f,0xff,0xff,0xff,0xff,0xff,0xff,0xc0,0x00,
    0x00,0x7f,0xfc,0x8b,0x98,0x9a,0x72,0x07,0x8a,0x05,0x00,0x10,0xe1,0x00,0x00,0x00,
    0x00,0x00,0x00,0x00,0x07,0xc2,0x00,0xff,0xff,0xff,0xff,0xff,0xff,0xff,0xc0,0x00,
    0x00,0x00,0x02,0x04,0x43,0x00,0x00,0x00,0x70,0x0b,0x80,0x01,0x1c,0x00,0x00,0x00,
    0x00,0x00,0x00,0x00,0x07,0xff,0xff,0xff,0xff,0xff,0xff,0xff,0xff,0xff,0xc0,0x00,
    0x00,0x00,0x00,0x00,0x00,0x00,0x05,0x80,0x78,0x0f,0x80,0x10,0x00,0x00,0x00,0x00,
    0x00,0x00,0x00,0x00,0x00,0x03,0xff,0xff,0x00,0x00,0xff,0xff,0x07,0xff,0xf8,0x00,
    0x00,0x47,0x09,0x88,0x3c,0xe7,0xcf,0xf8,0x00,0x00,0x00,0x1f,0x07,0x00,0x00,0x00,
    0x00,0x00,0x00,0x00,0x00,0x00,0x00,0x00,0x00,0x00,0x00,0x00,0x00,0x00,0x00,0x00,
    0x00,0x80,0x03,0x90,0x7f,0x67,0xcf,0xf8,0x00,0x00,0x00,0x08,0x07,0x00,0x00,0x00,
    0x00,0x00,0x00,0x00,0x00,0x03,0xff,0xff,0x00,0x00,0xff,0xff,0x07,0xff,0xf8,0x00,
    0x00,0x47,0x0d,0x88,0xbc,0x67,0xcf,0xf8,0x00,0x00,0x00,0x07,0x03,0x00,0x00,0x00,
    0x00,0x00,0x00,0x00,0x00,0x03,0xff,0xff,0x00,0x00,0xff,0xff,0x07,0xff,0xf8,0x00,
    0x00,0x38,0xf0,0x07,0x00,0x00,0x00,0x00,0x00,0x00,0x00,0x08,0xf8,0x00,0x00,0x00,
    0x00,0x00,0x00,0x00,0x00,0x03,0xff,0xff,0x00,0x00,0xff,0xff,0x07,0xff,0xf8,0x00,
    0x00,0x00,0x00,0x00,0x00,0x00,0x00,0x00,0x00,0x00,0x00,0x00,0x00,0x00,0x00,0x00,
    0x00,0x00,0x00,0x00,0x00,0x00,0x00,0x00,0x00,0x00,0x00,0x00,0x0f,0xff,0xf0,0x00,
    0x00,0x80,0x0e,0x11,0xc7,0x80,0x00,0x00,0x00,0x00,0x00,0x28,0x0e,0x00,0x00,0x00,
    0x00,0x00,0x00,0x00,0x00,0x00,0x00,0x00,0x00,0x00,0x00,0x00,0x00,0x00,0x00,0x00,
    0x00,0x00,0x0a,0x01,0x47,0x80,0x00,0x00,0x00,0x00,0x00,0x30,0x0e,0x00,0x00,0x00,
    0x00,0x00,0x00,0x00,0x00,0x00,0x00,0x00,0x00,0x00,0x00,0x00,0x0f,0xff,0xf0,0x00,
    0x00,0x00,0x12,0x02,0x47,0x80,0x00,0x00,0x00,0x00,0x00,0x28,0x06,0x00,0x00,0x00,
    0x00,0x00,0x00,0x00,0x00,0x00,0x00,0x00,0x00,0x00,0x00,0x00,0x0f,0xff,0xf0,0x00,
    0x00,0x7f,0xe0,0x04,0x00,0x00,0x00,0x00,0x00,0x00,0x00,0x07,0xf0,0x00,0x00,0x00,
    0x00,0x00,0x00,0x00,0x00,0x00,0x00,0x00,0x00,0x00,0x00,0x00,0x0f,0xff,0xf0,0x00,
    0x00,0x00,0x00,0x08,0x00,0x00,0x00,0x00,0x00,0x00,0x00,0x00,0x00,0x00,0x00,0x00,
    0x00,0x00,0x00,0x00,0x00,0x00,0x00,0x00,0x00,0x00,0x00,0x01,0xff,0xfe,0x00,0x00,
    0x00,0x82,0x9c,0x1f,0x80,0x00,0x00,0x00,0x1d,0xc0,0x77,0xa0,0x0c,0x00,0x00,0x00,
    0x00,0x00,0x00,0x00,0x00,0x00,0x00,0x00,0x00,0x00,0x00,0x00,0x00,0x00,0x00,0x00,
    0x00,0x01,0xec,0x1b,0x80,0x00,0x00,0x00,0x1d,0xc0,0x77,0xb0,0x1c,0x00,0x00,0x00,
    0x00,0x00,0x00,0x00,0x00,0x00,0x00,0x00,0x00,0x00,0x00,0x01,0xff,0xfe,0x00,0x00,
    0x00,0x40,0x0c,0x1b,0x80,0x00,0x00,0x00,0x1d,0xc0,0x77,0xa8,0x0c,0x00,0x00,0x00,
    0x00,0x00,0x00,0x00,0x00,0x00,0x00,0x00,0x00,0x00,0x00,0x01,0xff,0xfe,0x00,0x00,
    0x00,0x38,0x00,0x00,0x00,0x00,0x00,0x00,0x00,0x00,0x00,0x07,0xc0,0x00,0x00,0x00,
    0x00,0x00,0x00,0x00,0x00,0x00,0x00,0x00,0x00,0x00,0x00,0x01,0xff,0xfe,0x00,0x00,
    0x00,0x04,0x00,0x00,0x00,0x00,0x00,0x00,0x00,0x00,0x00,0x00,0x20,0x00,0x00,0x00,
    0x00,0x00,0x00,0x00,0x00,0x00,0x00,0x00,0x00,0x00,0x00,0x0f,0xc0,0x00,0x00,0x00,
    0x00,0xc7,0xf0,0x06,0x00,0x00,0x00,0x0f,0x73,0x0e,0x7d,0x98,0x70,0x00,0x00,0x00,
    0x00,0x00,0x00,0x00,0x00,0x00,0x00,0x00,0x00,0x00,0x00,0x00,0x00,0x00,0x00,0x00,
    0x00,0xc3,0xf0,0x06,0x00,0x00,0x00,0x0f,0x73,0x0e,0x7d,0x97,0xb0,0x00,0x00,0x00,
    0x00,0x00,0x00,0x00,0x00,0x00,0x00,0x00,0x00,0x00,0x00,0x0f,0xc0,0x00,0x00,0x00,
    0x00,0x8b,0xf0,0x06,0x00,0x00,0x00,0x0f,0x73,0x0e,0x7d,0x90,0x30,0x00,0x00,0x00,
    0x00,0x00,0x00,0x00,0x00,0x00,0x00,0x00,0x00,0x00,0x00,0x0f,0xc0,0x00,0x00,0x00,
    0x00,0x30,0x00,0x00,0x00,0x00,0x00,0x00,0x00,0x00,0x00,0x00,0x00,0x00,0x00,0x00,
    0x00,0x00,0x00,0x00,0x00,0x00,0x00,0x00,0x00,0x00,0x00,0x0f,0xc0,0x00,0x00,0x00,
    0x00,0x00,0x00,0x00,0x00,0x00,0x00,0x00,0x00,0x00,0x00,0x00,0x00,0x00,0x00,0x00,
    0x00,0x00,0x00,0x00,0x00,0x00,0x00,0x00,0x00,0x00,0x00,0x00,0x00,0x00,0x00,0x00,
    0x00,0x4c,0x00,0x00,0x00,0x00,0x00,0x1b,0x33,0xd8,0xf9,0x0f,0xc0,0x00,0x00,0x00,
    0x00,0x00,0x00,0x00,0x00,0x00,0x00,0x00,0x00,0x00,0x00,0x00,0x00,0x00,0x00,0x00,
    0x00,0x34,0x00,0x00,0x00,0x00,0x00,0x1b,0x33,0xd8,0xf9,0x0f,0xc0,0x00,0x00,0x00,
    0x00,0x00,0x00,0x00,0x00,0x00,0x00,0x00,0x00,0x00,0x00,0x00,0x00,0x00,0x00,0x00,
    0x00,0x04,0x00,0x00,0x00,0x00,0x00,0x1b,0x33,0xd8,0xf9,0x0f,0xc0,0x00,0x00,0x00,
    0x00,0x00,0x00,0x00,0x00,0x00,0x00,0x00,0x00,0x00,0x00,0x00,0x00,0x00,0x00,0x00,
    0x00,0x00,0x00,0x00,0x00,0x00,0x00,0x00,0x00,0x00,0x00,0x00,0x00,0x00,0x00,0x00,
    0x00,0x00,0x00,0x00,0x00,0x00,0x00,0x00,0x00,0x00,0x00,0x00,0x00,0x00,0x00,0x00,
    0x00,0x00,0x00,0x00,0x00,0x00,0x00,0x00,0x00,0x00,0x00,0x00,0x00,0x00,0x00,0x00,
    0x00,0x00,0x00,0x00,0x00,0x00,0x00,0x00,0x00,0x00,0x00,0x00,0x00,0x00,0x00,0x00,
    0x00,0x78,0x00,0x00,0x00,0x00,0x00,0x1e,0x30,0x71,0xf8,0x00,0x00,0x00,0x00,0x00,
    0x00,0x00,0x00,0x00,0x00,0x00,0x00,0x00,0x00,0x00,0x00,0x00,0x00,0x00,0x00,0x00,
    0x00,0x78,0x00,0x00,0x00,0x00,0x00,0x1e,0x30,0x71,0xb8,0x00,0x00,0x00,0x00,0x00,
    0x00,0x00,0x00,0x00,0x00,0x00,0x00,0x00,0x00,0x00,0x00,0x00,0x00,0x00,0x00,0x00,
    0x00,0x78,0x00,0x00,0x00,0x00,0x00,0x1e,0x30,0x71,0xb8,0x00,0x00,0x00,0x00,0x00,
    0x00,0x00,0x00,0x00,0x00,0x00,0x00,0x00,0x00,0x00,0x00,0x00,0x00,0x00,0x00,0x00,
    0x00,0x00,0x00,0x00,0x00,0x00,0x00,0x00,0x00,0x00,0x00,0x00,0x00,0x00,0x00,0x00,
    0x00,0x00,0x00,0x00,0x00,0x00,0x00,0x00,0x00,0x00,0x00,0x00,0x00,0x00,0x00,0x00,
    0x00,0x00,0x00,0x00,0x00,0x00,0x00,0x00,0x00,0x00,0x00,0x00,0x00,0x00,0x00,0x00,
    0x00,0x00,0x00,0x00,0x00,0x00,0x00,0x00,0x00,0x00,0x00,0x00,0x00,0x00,0x00,0x00,
    0x00,0x00,0x00,0x00,0x00,0x00,0x00,0x1b,0x20,0xdc,0x00,0x00,0x00,0x00,0x00,0x00,
    0x00,0x00,0x00,0x00,0x00,0x00,0x00,0x00,0x00,0x00,0x00,0x00,0x00,0x00,0x00,0x00,
    0x00,0x00,0x00,0x00,0x00,0x00,0x00,0x1b,0x20,0xdc,0x00,0x00,0x00,0x00,0x00,0x00,
    0x00,0x00,0x00,0x00,0x00,0x00,0x00,0x00,0x00,0x00,0x00,0x00,0x00,0x00,0x00,0x00,
    0x00,0x00,0x00,0x00,0x00,0x00,0x00,0x1b,0x20,0xdc,0x00,0x00,0x00,0x00,0x00,0x00,
    0x00,0x00,0x00,0x00,0x00,0x00,0x00,0x00,0x00,0x00,0x00,0x00,0x00,0x00,0x00,0x00,
    0x00,0x00,0x00,0x00,0x00,0x00,0x00,0x00,0x00,0x00,0x00,0x00,0x00,0x00,0x00,0x00,
    0x00,0x00,0x00,0x00,0x00,0x00,0x00,0x00,0x00,0x00,0x00,0x00,0x00,0x00,0x00,0x00,
    0x00,0x00,0x00,0x00,0x00,0x00,0x00,0x00,0x00,0x00,0x00,0x00,0x00,0x00,0x00,0x00,
    0x00,0x00,0x00,0x00,0x00,0x00,0x00,0x00,0x00,0x00,0x00,0x00,0x00,0x00,0x00,0x00,
    0x00,0x00,0x00,0x00,0x00,0x00,0x00,0x13,0x23,0x00,0x00,0x00,0x00,0x00,0x00,0x00,
    0x00,0x00,0x00,0x00,0x00,0x00,0x00,0x00,0x00,0x00,0x00,0x00,0x00,0x00,0x00,0x00,
    0x00,0x00,0x00,0x00,0x00,0x00,0x00,0x13,0x23,0x00,0x00,0x00,0x00,0x00,0x00,0x00,
    0x00,0x00,0x00,0x00,0x00,0x00,0x00,0x00,0x00,0x00,0x00,0x00,0x00,0x00,0x00,0x00,
    0x00,0x00,0x00,0x00,0x00,0x00,0x00,0x13,0x23,0x00,0x7c,0x60,0x00,0x00,0x00,0x00,
    0x00,0x00,0x00,0x00,0x00,0x00,0x00,0x00,0x00,0x00,0x00,0x00,0x00,0x00,0x00,0x00,
    0x00,0x00,0x00,0x00,0x00,0x00,0x00,0x00,0x00,0x00,0x00,0x00,0x00,0x00,0x00,0x00,
    0x00,0x00,0x00,0x00,0x00,0x00,0x00,0x00,0x00,0x00,0x00,0x00,0x00,0x00,0x00,0x00,
    0x00,0x00,0x00,0x00,0x00,0x00,0x00,0x00,0x00,0x00,0x03,0x80,0x00,0x00,0x00,0x00,
    0x00,0x00,0x00,0x00,0x00,0x00,0x00,0x00,0x00,0x00,0x00,0x00,0x00,0x00,0x00,0x00,
    0x00,0x00,0x00,0x00,0x00,0x00,0x00,0x3e,0x00,0x00,0x00,0x00,0x00,0x00,0x00,0x00,
    0x00,0x00,0x00,0x00,0x00,0x00,0x00,0x00,0x00,0x00,0x00,0x00,0x00,0x00,0x00,0x00,
    0x00,0x00,0x00,0x00,0x00,0x00,0x00,0x3e,0x00,0x00,0x00,0x00,0x00,0x00,0x00,0x00,
    0x00,0x00,0x00,0x00,0x00,0x00,0x00,0x00,0x00,0x00,0x00,0x00,0x00,0x00,0x00,0x00,
    0x00,0x00,0x00,0x00,0x00,0x00,0x00,0x3e,0x00,0x0f,0xc0,0x00,0x00,0x00,0x00,0x00,
    0x00,0x00,0x00,0x00,0x00,0x00,0x00,0x00,0x00,0x00,0x00,0x00,0x00,0x00,0x00,0x00,
    0x00,0x00,0x00,0x00,0x00,0x00,0x00,0x00,0x00,0x00,0x00,0x00,0x00,0x00,0x00,0x00,
    0x00,0x00,0x00,0x00,0x00,0x00,0x00,0x00,0x00,0x00,0x00,0x00,0x00,0x00,0x00,0x00,
    0x00,0x00,0x00,0x00,0x00,0x00,0x00,0x00,0x00,0x10,0x00,0x00,0x00,0x00,0x00,0x00,
    0x00,0x00,0x00,0x00,0x00,0x00,0x00,0x00,0x00,0x00,0x00,0x00,0x00,0x00,0x00,0x00,
    0x00,0x00,0x00,0x00,0x00,0x00,0x00,0x38,0x00,0x00,0x00,0x00,0x00,0x00,0x00,0x00,
    0x00,0x00,0x00,0x00,0x00,0x00,0x00,0x00,0x00,0x00,0x00,0x00,0x00,0x00,0x00,0x00,
    0x00,0x00,0x00,0x00,0x00,0x00,0x00,0x38,0x00,0x00,0x00,0x00,0x00,0x00,0x00,0x00,
    0x00,0x00,0x00,0x00,0x00,0x00,0x00,0x00,0x00,0x00,0x00,0x00,0x00,0x00,0x00,0x00,
    0x00,0x00,0x00,0x00,0x00,0x00,0x00,0x38,0x00,0x00,0x00,0x00,0x00,0x00,0x00,0x00,
    0x00,0x00,0x00,0x00,0x00,0x00,0x00,0x00,0x00,0x00,0x00,0x00,0x00,0x00,0x00,0x00,
    0x00,0x00,0x00,0x00,0x00,0x00,0x00,0x00,0x00,0x00,0x00,0x00,0x00,0x00,0x00,0x00,
    0x00,0x00,0x00,0x00,0x00,0x00,0x00,0x00,0x00,0x00,0x00,0x00,0x00,0x00,0x00,0x00,
    0x00,0x00,0x00,0x00,0x00,0x00,0x00,0x00,0x03,0xf8,0x00,0x00,0x00,0x00,0x00,0x00,
    0x00,0x00,0x00,0x00,0x00,0x00,0x00,0x00,0x00,0x00,0x00,0x00,0x00,0x00,0x00,0x00,
    0x00,0x00,0x00,0x00,0x00,0x00,0x00,0x00,0x00,0x00,0x00,0x00,0x00,0x00,0x00,0x00,
    0x00,0x00,0x00,0x00,0x00,0x00,0x00,0x00,0x00,0x00,0x00,0x00,0x00,0x00,0x00,0x00,
    0x00,0x00,0x00,0x00,0x00,0x00,0x00,0x00,0x00,0x00,0x00,0x00,0x00,0x00,0x00,0x00,
    0x00,0x00,0x00,0x00,0x00,0x00,0x00,0x00,0x00,0x00,0x00,0x00,0x00,0x00,0x00,0x00,
    0x00,0x00,0x00,0x00,0x00,0x00,0x00,0x00,0x1e,0x00,0x00,0x00,0x00,0x00,0x00,0x00,
    0x00,0x00,0x00,0x00,0x00,0x00,0x00,0x00,0x00,0x00,0x00,0x00,0x00,0x00,0x00,0x00,
    0x00,0x00,0x00,0x00,0x00,0x00,0x00,0x00,0x00,0x00,0x00,0x00,0x00,0x00,0x00,0x00,
    0x00,0x00,0x00,0x00,0x00,0x00,0x00,0x00,0x00,0x00,0x00,0x00,0x00,0x00,0x00,0x00,
    0x00,0x00,0x00,0x00,0x00,0x00,0x00,0x00,0x61,0x00,0x00,0x00,0x00,0x00,0x00,0x00,
    0x00,0x00,0x00,0x00,0x00,0x00,0x00,0x00,0x00,0x00,0x00,0x00,0x00,0x00,0x00,0x00,
    0x00,0x00,0x00,0x00,0x00,0x00,0x00,0x00,0x00,0x00,0x00,0x00,0x00,0x00,0x00,0x00,
    0x00,0x00,0x00,0x00,0x00,0x00,0x00,0x00,0x00,0x00,0x00,0x00,0x00,0x00,0x00,0x00,
    0x00,0x00,0x00,0x00,0x00,0x00,0x00,0x00,0x00,0x00,0x00,0x00,0x00,0x00,0x00,0x00,
    0x00,0x00,0x00,0x00,0x00,0x00,0x00,0x00,0x00,0x00,0x00,0x00,0x00,0x00,0x00,0x00,
    0x00,0x00,0x00,0x00,0x00,0x00,0x00,0x07,0xc0,0x00,0x00,0x00,0x00,0x00,0x00,0x00,
    0x00,0x00,0x00,0x00,0x00,0x00,0x00,0x00,0x00,0x00,0x00,0x00,0x00,0x00,0x00,0x00,
    0x00,0x00,0x00,0x00,0x00,0x00,0x00,0x00,0x00,0x00,0x00,0x00,0x00,0x00,0x00,0x00,
    0x00,0x00,0x00,0x00,0x00,0x00,0x00,0x00,0x00,0x00,0x00,0x00,0x00,0x00,0x00,0x00,
    0x00,0x00,0x00,0x00,0x00,0x00,0x00,0x00,0x20,0x00,0x00,0x00,0x00,0x00,0x00,0x00,
    0x00,0x00,0x00,0x00,0x00,0x00,0x00,0x00,0x00,0x00,0x00,0x00,0x00,0x00,0x00,0x00,
    0x00,0x00,0x00,0x00,0x00,0x00,0x00,0x00,0x00,0x00,0x00,0x00,0x00,0x00,0x00,0x00,
    0x00,0x00,0x00,0x00,0x00,0x00,0x00,0x00,0x00,0x00,0x00,0x00,0x00,0x00,0x00,0x00,
    0x00,0x00,0x00,0x00,0x00,0x00,0x00,0x00,0x00,0x00,0x00,0x00,0x00,0x00,0x00,0x00,
    0x00,0x00,0x00,0x00,0x00,0x00,0x00,0x00,0x00,0x00,0x00,0x00,0x00,0x00,0x00,0x00,
    0x00,0x00,0x00,0x00,0x00,0x00,0x00,0x1e,0x00,0x00,0x00,0x00,0x00,0x00,0x00,0x00,
    0x00,0x00,0x00,0x00,0x00,0x00,0x00,0x00,0x00,0x00,0x00,0x00,0x00,0x00,0x00,0x00,
    0x00,0x00,0x00,0x00,0x00,0x00,0x00,0x00,0x00,0x00,0x00,0x00,0x00,0x00,0x00,0x00,
    0x00,0x00,0x00,0x00,0x00,0x00,0x00,0x00,0x00,0x00,0x00,0x00,0x00,0x00,0x00,0x00,
    0x00,0x00,0x00,0x00,0x00,0x00,0x00,0x00,0x00,0x00,0x00,0x00,0x00,0x00,0x00,0x00,
    0x00,0x00,0x00,0x00,0x00,0x00,0x00,0x00,0x00,0x00,0x00,0x00,0x00,0x00,0x00,0x00,
    0x00,0x00,0x00,0x00,0x00,0x00,0x00,0x00,0x00,0x00,0x00,0x00,0x00,0x00,0x00,0x00,
    0x00,0x00,0x00,0x00,0x00,0x00,0x00,0x00,0x00,0x00,0x00,0x00,0x00,0x00,0x00,0x00,
    0x00,0x00,0x00,0x00,0x00,0x00,0x00,0x00,0x00,0x00,0x00,0x00,0x00,0x00,0x00,0x00,
    0x00,0x00,0x00,0x00,0x00,0x00,0x00,0x00,0x00,0x00,0x00,0x00,0x00,0x00,0x00,0x00,
    0x00,0x00,0x00,0x00,0x00,0x00,0x00,0x00,0x00,0x00,0x00,0x00,0x00,0x00,0x00,0x00,
    0x00,0x00,0x00,0x00,0x00,0x00,0x00,0x00,0x00,0x00,0x00,0x00,0x00,0x00,0x00,0x00,
    0x00,0x00,0x00,0x00,0x00,0x00,0x00,0x00,0x00,0x00,0x00,0x00,0x00,0x00,0x00,0x00,
    0x00,0x00,0x00,0x00,0x00,0x00,0x00,0x00,0x00,0x00,0x00,0x00,0x00,0x00,0x00,0x00,
    0x00,0x00,0x00,0x00,0x00,0x00,0x00,0x00,0x00,0x00,0x00,0x00,0x00,0x00,0x00,0x00,
    0x00,0x00,0x00,0x00,0x00,0x00,0x00,0x00,0x00,0x00,0x00,0x00,0x00,0x00,0x00,0x00,
    0x00,0x00,0x00,0x00,0x00,0x00,0x00,0x00,0x00,0x00,0x00,0x00,0x00,0x00,0x00,0x00,
    0x00,0x00,0x00,0x00,0x00,0x00,0x00,0x00,0x00,0x00,0x00,0x00,0x00,0x00,0x00,0x00,
    0x00,0x00,0x00,0x00,0x00,0x00,0x00,0x00,0x00,0x00,0x00,0x00,0x00,0x00,0x00,0x00,
    0x00,0x00,0x00,0x00,0x00,0x00,0x00,0x00,0x00,0x00,0x00,0x00,0x00,0x00,0x00,0x00,
    0x00,0x00,0x00,0x00,0x00,0x00,0x00,0x00,0x00,0x00,0x00,0x00,0x00,0x00,0x00,0x00,
    0x00,0x00,0x00,0x00,0x00,0x00,0x00,0x00,0x00,0x00,0x00,0x00,0x00,0x00,0x00,0x00,
    0x00,0x00,0x00,0x00,0x00,0x00,0x00,0x00,0x00,0x00,0x00,0x00,0x00,0x00,0x00,0x00,
    0x00,0x00,0x00,0x00,0x00,0x00,0x00,0x00,0x00,0x00,0x00,0x00,0x00,0x00,0x00,0x00,
    0x00,0x00,0x00,0x00,0x00,0x00,0x00,0x00,0x00,0x00,0x00,0x00,0x00,0x00,0x00,0x00,
    0x00,0x00,0x00,0x00,0x00,0x00,0x00,0x00,0x00,0x00,0x00,0x00,0x00,0x00,0x00,0x00,
    0x00,0x00,0x00,0x00,0x00,0x00,0x00,0x00,0x00,0x00,0x00,0x00,0x00,0x00,0x00,0x00,
    0x00,0x00,0x00,0x00,0x00,0x00,0x00,0x00,0x00,0x00,0x00,0x00,0x00,0x00,0x00,0x00,
    0x00,0x00,0x00,0x00,0x00,0x00,0x00,0x00,0x00,0x00,0x00,0x00,0x00,0x00,0x00,0x00,
    0x00,0x00,0x00,0x00,0x00,0x00,0x00,0x00,0x00,0x00,0x00,0x00,0x00,0x00,0x00,0x00,
    0x00,0x00,0x00,0x00,0x00,0x00,0x00,0x00,0x00,0x00,0x00,0x00,0x00,0x00,0x00,0x00,
    0x00,0x00,0x00,0x00,0x00,0x00,0x00,0x00,0x00,0x00,0x00,0x00,0x00,0x00,0x00,0x00,
    0x00,0x00,0x00,0x00,0x00,0x00,0x00,0x00,0x00,0x00,0x00,0x00,0x00,0x00,0x00,0x00,
    0x00,0x00,0x00,0x00,0x00,0x00,0x00,0x00,0x00,0x00,0x00,0x00,0x00,0x00,0x00,0x00,
    0x00,0x00,0x00,0x00,0x00,0x00,0x00,0x00,0x00,0x00,0x00,0x00,0x00,0x00,0x00,0x00,
    0x00,0x00,0x00,0x00,0x00,0x00,0x00,0x00,0x00,0x00,0x00,0x00,0x00,0x00,0x00,0x00,
    0x00,0x00,0x00,0x00,0x00,0x00,0x00,0x00,0x00,0x00,0x00,0x00,0x00,0x00,0x00,0x00,
    0x00,0x00,0x00,0x00,0x00,0x00,0x00,0x00,0x00,0x00,0x00,0x00,0x00,0x00,0x00,0x00,
    0x00,0x00,0x00,0x00,0x00,0x00,0x00,0x00,0x00,0x00,0x00,0x00,0x00,0x00,0x00,0x00,
    0x00,0x00,0x00,0x00,0x00,0x00,0x00,0x00,0x00,0x00,0x00,0x00,0x00,0x00,0x00,0x00,
    0x00,0x00,0x00,0x00,0x00,0x00,0x00,0x00,0x00,0x00,0x00,0x00,0x00,0x00,0x00,0x00,
    0x00,0x00,0x00,0x00,0x00,0x00,0x00,0x00,0x00,0x00,0x00,0x00,0x00,0x00,0x00,0x00,
    0x00,0x00,0x00,0x00,0x00,0x00,0x00,0x00,0x00,0x00,0x00,0x00,0x00,0x00,0x00,0x00,
    0x00,0x00,0x00,0x00,0x00,0x00,0x00,0x00,0x00,0x00,0x00,0x00,0x00,0x00,0x00,0x00,
    0x00,0x00,0x00,0x00,0x00,0x00,0x00,0x00,0x00,0x00,0x00,0x00,0x00,0x00,0x00,0x00,
    0x00,0x00,0x00,0x00,0x00,0x00,0x00,0x00,0x00,0x00,0x00,0x00,0x00,0x00,0x00,0x00,
    0x00,0x00,0x00,0x00,0x00,0x00,0x00,0x00,0x00,0x00,0x00,0x00,0x00,0x00,0x00,0x00,
    0x00,0x00,0x00,0x00,0x00,0x00,0x00,0x00,0x00,0x00,0x00,0x00,0x00,0x00,0x00,0x00,
    0x00,0x00,0x00,0x00,0x00,0x00,0x00,0x00,0x00,0x00,0x00,0x00,0x00,0x00,0x00,0x00,
    0x00,0x00,0x00,0x00,0x00,0x00,0x00,0x00,0x00,0x00,0x00,0x00,0x00,0x00,0x00,0x00,
    0x00,0x00,0x00,0x00,0x00,0x00,0x00,0x00,0x00,0x00,0x00,0x00,0x00,0x00,0x00,0x00,
    0x00,0x00,0x00,0x00,0x00,0x00,0x00,0x00,0x00,0x00,0x00,0x00,0x00,0x00,0x00,0x00,
    0x00,0x00,0x00,0x00,0x00,0x00,0x00,0x00,0x00,0x00,0x00,0x00,0x00,0x00,0x00,0x00,
    0x00,0x00,0x00,0x00,0x00,0x00,0x00,0x00,0x00,0x00,0x00,0x00,0x00,0x00,0x00,0x00,
    0x00,0x00,0x00,0x00,0x00,0x00,0x00,0x00,0x00,0x00,0x00,0x00,0x00,0x00,0x00,0x00,
};
